작성일,만족도,직종,전현직,승진기회 및 가능성,복지 및 급여,업무와 삶의 균형,사내문화,경영진,장점,단점,바라는점,추천여부,1년 후 성장,도움이 돼요
2022.04,5,개발,전직원,5,5,5,5,5,실력만 있으면 연봉도 만족스럽고 업무도 만족스럽게 다닐 수 있습니다. 다양한 업무 경험을 할 수 있고 최신 기술 트렌드를 실제 업무에 적용해 볼 수 있어서 좋았습니다.,대기업이라 그런지 경직되어있는 부분이 아직 많이 남아있는 것 같습니다. 유연한 의사 결정과정이 더 도입이 되어야 하고 투명한 의사 결정 과정과 권한과 책임의 분산이 필요해 보입니다.,실무자에게 더 많은 기회와 성공시의 인센티브가 보장되어야 할 것입니다.,추천,성장,0
2022.04,5,생산관리/품질관리,현직원,5,5,5,5,5,뛰어난 시스템. 넓은 복지. 체계적인 업무. 상당한 연봉.,업무의 체계가 잘 잡혀있지만 업무 분담이 필요한 부분에선 이상한 이유로 분담이 안되어있음.,체계적인 업무 분담으로 현장 근무자들이 불합리를 느끼지 않도록 해주세요.,추천,성장,0
2022.04,3,개발,전직원,2,4,2,3,3,삼성전자의 장점은 누구나 알다시피 기업의 네임밸류이다. 여기에 다닌다고 하면 모두가 부러워한다.,업무 강도가 빡세다. 다른 사람들은 돈 많이 번다고 부러워들 하지만 주는만큼 일을 시키는 곳이 바로 이곳이다.,요즘 삼성전자 주식이 대체 왜 이러나요... 주가 상승을 위해 노력 부탁드립니다..,추천,성장,0
2022.04,4,생산/제조,전직원,4,4,4,4,4,역시한국최고의 기업다운 대기업의 맛을 느꼈다 가면후회절때안되는곳,단점이없는게단점인거같습니다..ㅋㅋㅋㅋ 굳이고르자면 방진복입는거..?,없습니다 뭐잘하고계시니까 앞으로도계속이렇게해주세요 그럼계속성장세~~,추천,성장,0
2022.04,5,기획/경영,전직원,5,5,5,5,5,위치도 좋고 밥잘나옴 열심히 할 기회가 많고회사 네임밸류좋음. 팀분위기 아주좋음,출퇴근 힘들고 경쟁이 심함. 연봉을 더올려줘서 직원들 사기를 올려줄 필요가 있음,직원들의 불만들 더 잘들어주고 대우를 더 잘해줘야함,추천,성장,0
2022.04,5,엔지니어링,전직원,5,5,5,5,5,일단 삼성 제품을 할인하여 살수 있고 복지 등 혜택이 많습니다.,일이 많아 힘들 때가 있지만 월급 받는 날에 그 힘듬을 전부 잊게됩니다.,앞으로 지금처럼만 삼성이 1등을 유지할 수 있도록 노력해주세요. 저도 힘을 보태겠습니다!,추천,성장,0
2022.04,4,생산/제조,현직원,4,4,1,3,2,네임벨류. 그외 식사가 나쁘지않음 경기도권. 등 그외에는 글쎄?,업무량. 노조가 없이 오래된 회사라 그런지 그냥 노예같이 일을 엄청함 부바부.,2등 하닉보다 대우좀 더 잘해줘라 제발. 아니면 다나간다,비추천,-,0
2022.04,4,개발,현직원,3,5,3,3,4,몇몇 특정 대기업을 제외하면 평균적 연봉도 높은수준은 사실이고 그외적인 복지는 다 적기도 힘들정도 수직적 분위기라 하지만 출퇴근이나 복장도 자유롭고 자기계발 지원도 부족함없는편 집이 먼경우 셔틀버스를 이용할 수 있음,그만큼 갈려나갈 것을 각오 해야함 일만 죽도록 하다보면 먹고사는 데는 지장없게해줌 부서별로 다르겠지만 야근이 기본 베이스 인곳도 허다하고 그나마도 하이닉스랑 비교되면서 이직 준비하는 분위기,정상의 자리를 지키기위해 계속 예의해주시길 바랍니다,추천,성장,0
2022.04,4,개발,현직원,3,4,5,4,1,부모님이 좋아하심 돈은 나름 많이줌 부바부긴하지만 워라밸 좋음,버는거에 비해 돈을 너무 직원들에게 안주고 쪼잔함 복지 최악이고 소통전혀안함 쇼통만늘고있음,자기앞길만 챙기지 말고 진정 회사에 도움되는게뭔질 생각하길,비추천,-,1
2022.04,4,생산/제조,전직원,3,3,3,3,3,든든한 월급과 직원들을 챙겨주는 복지가 좋아요 그리고 맛있는 구내식당,승진을 위한 끊임없는 자기계발 그리고 경쟁과 성과 위주의 시스템,좀 쪼지 말고 널널한 기업문화가 형성되기를,추천,성장,0
2022.04,3,생산관리/품질관리,전직원,3,4,1,1,1,네임벨류 높음. 외부인들의 시선에서 느껴지는 1등 회사원 자부심. 상대적으로 동종업계에서 매우 높은 급여(보너스포함). 좋은 복지. 좋은 시설.,보안 철저. 근무 자유도 굉장히 떨어짐. 실적 압박 매우 심함. 쉬는 시간 X. 눈치성 OT. 상명하복식 근무문화있는 부서 있음. MTC의 경우 워라벨 X. 부바부 굉장히 심함.,1등회사에 다니는 직원들에게 그만한 자부심을 느낄 수 있게끔 최고의 복지를 느끼게끔 해줬으면 함.,비추천,비슷,0
2022.04,4,생산/제조,현직원,3,4,3,5,3,글로벌 대기업이라는 이름이 있어 주위 사람들에게 확실히 어필가능 물론 돈도 많이 줌 또한 복지 관련해서도 확실히 좋고 무엇보다 밥이 맛있음<- 이게 제일 메리트 있는거 같음,돈을 많이 주지만 기본급이 높은건아님 인센비중이 높은 인센은 안주면 그만이라 인센이 좀만 낮게 나와도 연봉이 많이 줄어듬,.이번에 경영진이 바뀌어서 회사돌아가는게 이상함 좀 정신차리고 제대로된 경영좀 하면 좋겠음,비추천,비슷,0
2022.04,4,디자인,전직원,4,5,5,4,2,말할 것도 없이 근무하는 환경 워크 밸런스 복지 대출 등 모든 복지에 관련된 부분에서는 장점이 뚜렷합니다.,디자이너로서 성장한다는 느낌을 얻기가 어렵습니다. 이미 구축된 가이드라인 스케치 도입이 얼마 되지 않았을 정도로 올드한 환경.. 이미 많이 올드해진 사내 임직원들 등 때문입니다.,경영진도 고민이 많을 것 같습니다... 디자인 우선인지 하드웨어 우선인지 소프트웨어 우선인지 방향성을 잡고 밀고 나가야 하지 않을까요,비추천,비슷,0
2022.04,3,디자인,전직원,3,3,3,3,3,큰 프로젝트를 경험 할 수 있고 복지가 좋은 것이 장점,업무량이 다소 많고 야근도 자주함. 약간 딱딱한 분위기.,편안한 분위기와 수평적인근무환경을 만들었으면 좋겠습니다.,추천,성장,0
2022.04,4,생산관리/품질관리,현직원,3,3,2,4,1,하루 4끼 무료(한 끼당 한 번). 돈을 꽤 많이 준다. 월급이 밀리는 일은 없다. 업무를 제대로 가르쳐주는 선배들이 많다. 사내 규정을 따르려는 분위기가 잘 잡혀있다. 통근버스 매우 굳,메일이랑 메신저 주기적으로 삭제됨. 교대직 특성상 특정 날짜에 연차 사용 어려울 수 있음(누군가는 교대를 돌아야만함). 특근 많음. 원가 삭감하려고 직원들 월급도 잘 안올려주려고 함. 교체해야하는 파츠도 재사용하게끔 함.,부품 구매비가 넉넉하지 못함. 월급좀 올려주세요.. ㅠㅠ,추천,비슷,0
2022.04,4,생산/제조,전직원,3,4,3,4,3,자유로운 출퇴근시간 및 밥이 맛있다. 사람들도 좋고 분위기좋다,언급했던거와 마찬가지로 직군에 따라 호불호가 많이 갈린다,직군 개선을 하지 않으면 앞으로도 퇴사자는 상당할 것으로 생각,추천,성장,0
2022.04,5,생산/제조,현직원,5,5,5,5,3,대기업이고 문화를 개선하려고 노력중. 자부심을 갖고 다닐 수 있음. 밥이 맛있음.,동종업계의 연봉 및 보너스가 커서 상대적으로 조금 뒤쳐짐. 사람이 많다보니 이싱한 사람도 많음.,보여주기식 업무가 아니라 정말 회사를 위한 방향으로 업무가 되었으면 합니다. 고여있는 경영진과 상사가 많습니다.,추천,비슷,0
2022.04,3,마케팅/시장조사,전직원,2,4,4,2,1,유연근무제.삼시세끼 식사 제공.통근 셔틀버스 제공.,신기술 신사업 발굴 추진 필요성은 모두가 느끼지만 정작 최고 경영진이 심각하게 고민하고 도전의지가 있는지는 의문. 기존 사업 제품군도 품질에 대한 경각심 해이해짐,이제는 재무통이 그만 내려놓으시고 제대로 된 사업기획 연구개발 전문가에게 전권을 주세요,추천,비슷,1
2022.04,3,연구개발,현직원,2,3,4,3,1,자유로운 출퇴근 시간. 적당히 먹을만한 구내식당.회식을 강요하지 않는 문화.,차부장들의 쓸데없는 고집 아집. 본인들의 생각이 무조건 맞으며 부하는 따라야만 한다는 옛 사고방식에 사로잡힌 관리자들이 너무 많다.,시대의 변화에 발맞춰 변화되는 기업이 되길. 폭탄폰처럼 잘못은 인정 하고 빠르게 대처 하길. Gos는 좀..,비추천,비슷,2
2022.04,4,연구개발,현직원,3,2,4,5,1,출퇴근편함 밥 공짜 자율출퇴근 강제로 눈치 안주려고 노력,버는만큼 임직원들한테 보상하기엔 아깝다고 생각하는 건지 쫌생이같다,글로벌 제조업 매출 1위 그에 걸맞게 경영진 연봉은 탑급 그리고 그에 걸맞지 않게 임직원 연봉은 점점 뒤쳐짐. 떠나려는 직원들 그자리 다른 사람이 채운다고 해서 최고 회사라는 타이틀 계속 유지될 것이라 생각하시나요?,추천,비슷,0
2022.04,3,생산관리/품질관리,현직원,3,3,1,3,1,밀리의 서재 무료 구독 지원 베네포유 포인트 지급 성과급 지급  공부하는 문화 장려,공부할 시간을 안줌 성과급 안 나오면 중견기업금 연봉 임금 인상 잘 안해줘서 직원들이 정떨어져나가고 있음 연차 타 회사 대비 훨씬 부족함. (신입기준 15개 / 타 대기업 20개 이상)  복지도 점점 안좋아지는 것 같음. (경쟁력 하락),임금 인상이 최고의 복지입니다. 쓸데 없는 것들 많이 하려고 하지말고 모두의 심금을 울리는 선택을 하기를 바래봅니다.,비추천,비슷,1
2022.04,5,기획/경영,현직원,5,5,3,4,5,직원 복지가 좋고 연봉과 별개로 인센티브 상승률이 높아요,기업 문화를 개선한다고 노력하지만 여전히 세대차이는 존재하고 꼰대 많어요,단점에도 적었지만 기업 문화 개선을 위해 좀더 노력할 필요가 있어요,추천,성장,0
2022.04,5,생산관리/품질관리,현직원,4,5,1,1,3,연차를 자유롭게 쓸수있으나 사수 잘못만나면 연차쓰는것도 눈치보임,사람이 전부별로입니다괜찮은사람없고 아래애들한테 일몰빵,5시이후에 미팅좀 제발없애주세요너무 많아요 아침7시미팅도요,추천,성장,0
2022.04,5,생산/제조,전직원,5,5,5,5,5,수평적인 분위기 인센티브 최고무엇보다도. 다니면 자부심이 있음,뭐.. 실적이 중요하다는거..회의가 많고..회사안 내부기 너무넓어 이동하기불편,. 직원의 최선과 상급자의 배려로 정말. 대화 또는 MTG가 되었으면좋겠습니다,추천,성장,0
2022.04,5,엔지니어링,전직원,4,5,2,4,5,변화에 빠르게 대응하며 진급하기위해 여러가지 역량을 키울수있음,문서작업은 엄청나고 책임에 대한 회피들이 많음경쟁이 심함.,최고 기업에 딱히 제가 바라는점은 없습니다. 사회에서 삼성맨 타이틀은 엄청난 메리트입니다.,추천,성장,0
2022.04,5,기획/경영,현직원,3,4,3,3,3,기본 연봉은 네까보다 작지만 인센은 잘 나가는 사업부의 경우 적지않다 적은 연봉을 상쇄한다. 찾아보면 자잘한 복지가 많아 아는 사람은 잘 챙긴다.,경직된 문화. 개인. 부서의 이기주의가 심한편이고. 복지부동하는 경향도 일부 있다.  임원들 의사 결정이 중요하나 창의적 환경은 아닌 듯,보다 창의적인 환경이 되도록 보고 문화는 정말 많이 줄여야 한다. 어렵게 뽑은 좋은 인력들 동기부여도 필요함,추천,성장,0
2022.04,5,기획/경영,전직원,5,5,3,5,3,근무환경 우수사내 헬스장 스쿼시장 수영장 있음삼시세끼 훌륭한 식사 제공,부서에따라 편차가 크지만 바쁜곳은 아주바빠서 직급이올라갈수록 버티기가쉽지는않다,보고서 작성을 줄이고 좀더 효율적인 보고체계를 갖추어서 불필요한문서작업을 줄였으면 함,추천,성장,0
2022.04,2,생산관리/품질관리,현직원,3,4,2,4,3,월급을 많이주고 팀원의 분위기가 좋습니다그리고 팀원 개인개인의 역량이 좋아 일처리가 더욱 빠릅니다,일이 힘들고 재미가 없습니다팀원들의 말수가 굉장히 적으며 일을 대충대충하는 단점이 있습니다,품질쪽에 신경좀 많이 써주셨으먼 좋겠습니다,비추천,비슷,0
2022.04,5,개발,현직원,5,5,5,3,3,교육등 다양한 지원과 부모님이 좋아하심. 워라벨이 나쁘지 않음,대기업이기 때문에 업무 선택에 대한 자유에 제한이 존재함.,사원들의 이야기를 좀 더 경청했으면 좋겠음,추천,비슷,0
2022.04,4,생산관리/품질관리,전직원,4,4,4,4,4,연차 사용가능 식비 지원 수평적 분위기 각종 복지제도. 그럭저럭 괜찮은 급여등등,현장직이면 아무래도 몸이 힘들고 여기에 적응을 못하면 힘들어보임.,직원들의 불만을 귀담아 들어주고 직원들에게 조금 더 잘해줬으면.,추천,비슷,0
2022.04,4,연구개발,현직원,4,5,5,5,2,분위기가 매우 자유로움 연차 및  출퇴근등 자유로움부서마다 다르나 개발직군의 경우 보고서가 간단하고 프로세스등이 개선 가능함,어느정도 senior 되면서부터 뭔가를 하기가 어려움맘먹고 무언가를 추진하면 못하고자 하는것은 없으나회사 정책에의해 아무것도 못하게 될 때가 있음,로드맵을 가지고 회사가 돌아갔으면 좋겠음사원들이 자부심을 가질 수 있도록 운영이되면 좋겠음,비추천,-,0
2022.04,3,엔지니어링,현직원,4,5,3,3,3,어디보다 높은연봉이 장점 자기개발비 각종수당 최고.,업무 난이도가 높고 부서별 업무난이도 차이가 많이남.,신규사업 추진이 더욱 많아졌으면 좋겠고 성과위주 평가,추천,성장,0
2022.04,5,인사/총무,전직원,5,5,5,5,5,직원들의 위한 세세한 복리후생끊임 없는 커뮤니케이션을 통한 문제 해결높은 임금,많은 업무지속적인 의견 제시 요구 등 다양한 문제해결을 바람,지금 이대로 쭉 회사 발전을 위해 직원들에게 신경써 주세요.,추천,성장,0
2022.04,4,연구개발,전직원,3,5,4,4,4,대기업 프리미엄 누릴수있다. 복지 최고다 대기업은 대기업이다,독고다이 문화가 심하다 묵묵히 열심히하면 티가 안난다 적당히 티를 내야한다,꼰대가 아니여서 너무 좋다 직원 생각 잘 반영한다 실적좋다,추천,성장,0
2022.04,4,연구개발,전직원,3,4,4,3,2,나쁘지 않은 연봉. PI PS 빼면 급여가 높은 편은 아님.잔특근이 많이 줄어 워라벨이 예전에 비해 좋아짐,경직된 조직문화. 시대 흐름에 뒤떨어진 경영진. 신사업에 올드한 사람들을 투입하는 이상한 인사,신규 사업에 대한 비전 제시가 필요함. 주가 부양 좀 했으면.,추천,비슷,0
2022.04,3,연구개발,전직원,3,3,1,3,1,돈을 쓸시간이 없어 좋고 사내식당이 잘되어있고 영양사언니들이 이뻐요,기업의 후광으로 자기가 모라도된거마냥 허세떠는 인간들이 많습니다,사람아까운지를 알아야되는데 해마다 신입사원들어온다고 그러면안된다,비추천,비슷,0
2022.04,1,엔지니어링,현직원,5,1,1,2,1,후광효과.어디가서 삼성 다닌다고 하면 인정 받을 수 있다.,타 대기업 대비 부족한 연차임금 인상률이젠 임금도 복지도 다 밀린다,자기들 밥그릇 채우고 연명할 생각말고 회사의 미래를 보는 판단을 했음 좋겠다,비추천,-,1
2022.04,5,유통/무역,현직원,4,5,5,5,4,.타 회사들에 비해 인성 좋은 사람들만 뽑는건지 다들 나이스 함,보고를 위한 보고서 작성이 너무 잦음반복되는 업무 루틴으로 매널리즘에 빠질 수 있음,승진할 수 있는 기회가 공평하게많아지길 바랍니다...,추천,성장,0
2022.04,5,연구개발,전직원,5,5,4,4,4,다양한 복지가 있고 교육 시스템이 잘 갖춰서 신입에게 추천.,덩치가 큰 회사이다보니 다소 경직된 회사 구조가 있음.,합리적인 보상 체계가 필요해 보임. 그래야 더 길게 갈 회사가 될 수 있을것.,추천,비슷,0
2022.04,4,생산/제조,전직원,3,5,4,5,4,기업의장점은 삼성전자이름만봐도 장점임. 복지는물론 상여금도 많고 힘들긴해도 그만큼잘챙겨줌,다른건 다 괜찮은데 선임들이 누구냐에따라서 다른듯 팀에 무조건 빡센사람 한명쯤은있음 그래도 안찍히면 좋은데 찍히면 여간스트레스,솔직히 경영진에 바라는건 딱히없고 대기업특성상 조금밀리면 뭐 퇴사이정도?,추천,비슷,0
2022.04,4,개발,전직원,5,5,3,5,5,수평적이고 다른곳에일을해보니 확실히 체계가 잘잡힌곳이라고생각함 일을효율적으로하려고하고 그에대한대우를해주는곳,다른건 다괜찮은데 워라벨이 힘든곳 열심히 하면그에대한보상을확실히해주는곳이나ㅈ우선순위가워라벨이면 고려해봐야함,좋은기업인것은 자명한사실 워라벨을할수있는곳이면 더좋은기업이될듯,추천,성장,0
2022.04,4,생산/제조,현직원,4,4,3,4,4,대기업의 장점으로는 복지를 뽑을 수 있고 연봉도 좋다.,야근이 많다 바쁠 때에는 야근에 주말에 하루는 나가야한다,새로운 것들을 빨리빨리 접목할 수 있으면 좋겠다,추천,비슷,0
2022.04,5,생산/제조,전직원,5,5,5,5,5,복지가 좋으며 체계가 잘 갖춰있습니다.연봉이 높습니다.,업무 강도가 센 편이고 휴가 사용이 어렵습니다.업무에 따라 업무 양 강도가 차이가 있습니다.,휴가 사용에 눈치를 주지 않았으면 좋겠으며 업무량이 적당했으면 좋겠습니다.,추천,성장,0
2022.04,5,마케팅/시장조사,현직원,5,5,5,5,5,돈을 잘주고 근무 형태가 가장 잘 정립되어있음 군더더기가 없는것이 장점,핸드폰이 너무 안이쁘고 입사하기까지 너무 힘들것이 단점이다.,삼성 핸드폰 이쁘게 만드는 것 말고는 경영진에 바라는 점이 없다.,추천,성장,0
2022.04,3,개발,현직원,3,5,2,3,2,자율출퇴근제가 좋지만 바쁜부서는 항상 늦게감.. 성과급 포함하여 반도체쪽은 봉급이 장점.. 그러나 넘 안올라.. 다따라잡히는중,하계휴가 등 없음.. 그리고 잘되는 사업부와 보너스 차이가 커서 상대적 박탈감 심함. 아무것도 모를때 다같이 같은직군으로 뽑혀왔는데 운에따라 누군가는 돈을 많이받고 돈을 적게받고 갈림..,휴가 및 복지좀 늘려주고 연봉도 좀 늘려주세요.,추천,비슷,0
2022.04,4,연구개발,전직원,4,4,3,2,3,우수한 인재들을 최대한 끌어모으고 있고 임원들도 인재유치에 힘쓴다. 단기목표가 뚜렷하고 목표달성을 위해 최대한 노력한다.,우수한 인재들이 빈번하게 빠져나가는 편.임원이 단기목표에 올인하다보니 소모적인 사내정치가 있는편.,장기목표 설정과 인재육성에 과감한 투자지나친 단기목표 집착과 사내정치 규제,추천,비슷,0
2022.04,4,생산/제조,현직원,4,4,5,4,1,뉴스에 나오는 것과는 다르게 회사 안은 꽤나 문화가 깔끔함부바부지만 꼰대문화 많이 없는듯,높은 매출액 치고는 직원들에게 돌아오는 양이 적음 항시 인원부족에 시달림,최근 사내/외에 무슨일이 발생하고 있는 알고는 있는가 싶기도 함.무슨 액션을 취하고 있는지 잘모르겠는데 맨날 위기위기만 거리는 느낌,추천,비슷,0
2022.04,5,기획/경영,전직원,3,3,3,3,3,다양한 복지 혜택들이 많이 있어요. 똑똑한 사람들이 많이 모여있어요.,단순 보고를 위한 행정처리들도 너무 많고 경쟁하는 사람도 많아서 인간미가 없음,연봉을 많이 올려주세요. 그리고 일만 하는 조직이 아니라 소통이 일어나는 조직이 됐으면 좋겠어요.,추천,성장,0
2022.04,5,금융/재무,전직원,3,5,4,3,4,일단 대한민국 일등기업 삼성이라는 브랜드 가치가 어마어마함. 금융업 치고 안정적인 고용제도 또한 장점,인센티브가 폭증하는 호황기에는 관계업종 종사자들 타사를 보면 상대적 박탈감이 따라온다,최고다 삼성 쁘띠재용 10만전자 가즈아 사랑해요오오!!!,비추천,비슷,0
2022.04,4,서비스/고객지원,현직원,4,5,4,3,4,안정적이고 엄청 보수적이진 않다... 체계적이고 시스템이 잘 갖추어져있다..,딱히 힘든건 없다.. 다만 고객상대다 보니까 이러한 문제는 스스로가 잘 극복해여한다,피드백 요청이 더 신속하게 이루어졌으면 한다,추천,비슷,0
2022.04,5,영업/제휴,전직원,3,3,5,5,5,아무래도 대기업이다보니 회사 제휴나 휴가 등등 이런 복지가 정말 잘 되있습니다. 회사자체는 물론 정말로 깨끗하구요!,인턴직이다보니 정직원 보다는 물론 페이가 적습니다. 그거만 감안하시면 다른 단점은 굳이 없는것 같습니다. 경험 쌓기에는 정말 좋은거 같아요,인턴들도 급여를 정직원처럼 올려주시기는 물론 어렵겠지만 원래 받는거보다는 조금 더 챙겨주셨으면 좋겠습니다.,추천,성장,0
2022.04,2,생산/제조,현직원,3,4,2,1,1,계약연봉자체는 타 상위기업과 비슷하거나 높진 않은 수준 그러나 PS PI등 보너스를 포함하면 높으수준의 급여라고 생각됨. 통근버스가 잘되있어서 자차가없어도 회사 다니는데 크게 무리없는 수준. 부서마다 분위기는 다르지만 유연근무제로 사정이 있는경우 조기 퇴근 늦은 출근 가능.다시 한번 말하지만 밥이 최고임,Foundry 사업부 기준. 부서 문화는 상당히 보수적이며 군대문화가 있음.그 문화가 결국 업무로 까지 이어져 상당히 방어적으로 업무를 취할 수 밖에없음. 이는 장 단점이 공존한다고 생각되어 딱히 부정적이라고는 생각하지 않음.회사의 규모가 크다보니 부서배치가 로또수준. 같은 회사이지만 직군 및 부서별 근무환경이 하늘과 땅차이가 남. 사실 종합반도체는 국내에 2개정도로 보여지는데 다른 대안이없다는 점에서 직원이 회사를 믿고 평생 다닐 수 있는지 의문을 들게 하는 회사.내 부서한정으로 업무가 상당히 주먹구구식임. 전산시스템이 상당히 비효율적이며 Guide나 Reference들이 상당히 부족함. 밖에서 보는 시선과 내부 시선의 차이가 상당한 기업.부서마다 다르지만 매달 주말 출근 2회 가량이 의무임.,어느회사나 마찬가지 이지만 실무와 경영간의 차이에서 오는 괴리감이 상당함.임원들은 어차피 자기 임기때 만 잘 쳐내면 되니까 그려러니 할 수 있지만최고 위치에 있는 그분이 회사를 지속 가능한 성장으로 이끌어 주길 바람,비추천,비슷,1
2022.04,3,개발,전직원,4,5,3,3,3,어디가서 네임드있는 회사다닌다고 말할 수 있음. 연차 마음대로 씀. 복지 대기업 수준에 맞게 잘 돼있음.,비효율적으로 일을 많이 함. 수평관계라고 하지만 수직관계가 당연스럽게 존재함. 돈많이 받는 윗사람들이 일을 더 많이 해야되는게 맞는거아닌가,계속 이상태로 유지하세요. 저는 그만뒀으니까 맘대로 하세요,추천,비슷,0
2022.04,5,생산/제조,전직원,5,5,4,4,5,체계적인 교육시스템이 갖춰져있다.대기업인 만큼 페이가 쌔서 좋았다.아르바이트지만 좋은 경험이였다.,너무 기계적인 삶을 사는 것 같이 느껴지고 사람들도 다들 기계같이 행동하는 느낌이 들었다,직원들의 불만만 듣지말고 해결책을 만들어줬음 하다.,추천,성장,0
2022.04,5,개발,전직원,5,5,5,5,5,최고의 복지입니다 대한민국 1등기업답네요 모두 추천합니다,연봉이 많지만 업무량이 그만큼 있습니다 하지만 성취감 최고입니다,앞으로도 인재양성에 힘써주시고 감사합니다,추천,성장,0
2022.04,3,생산관리/품질관리,전직원,1,5,1,2,2,대기업 복지는 말할거 없이 좋고 기숙사도 깨끗하고 생활하기 좋았고 음식 매우 맛있음 아침 점심 저녁 전부 다 좋음맡은 일에만 집중할 수 있는 환경이 좋음,일배우고 초반에 한달동안 사원복만 입어야하 염색도 하면 안됐음일배우기전에 한덜간 군대같은 생활함시험쳐서 틀리면 틀린거 스무번씩 서른번씩 쓰고 밤에 자라고 해놓고 갑자기 집합시켜서 오리걸음시킴,주 야간 물론 주 4회 일하고 2일 쉬지만 직원 건강 관리 잘 시켜주셨으면 합니다,비추천,성장,0
2022.04,5,기획/경영,전직원,3,5,5,5,4,임금과 임직원 복리후생은 삼성이 최고에요.대한민국 1위 기업답게 직장 문화도 좋은 방향으로 빠르게 선도해요.,곳곳에 분포되어있는 상식을 벗어난 사람들이 단점입니다.,경영 상황에 의해 내쳐지는 일이 없었으면 좋겠어요,추천,성장,0
2022.04,3,엔지니어링,현직원,3,4,1,2,2,기본적으로 연봉이 높지 않지만 이익이 높은 반도체 부문의 경우 PS를 통해 높은 연봉을 가져갈 수 있습니다.  사내식당의 퀄리티가 좋은 것 같습니다.,보고를 위한 보고가 많으며 의미없는 야근을 강제로 하게합니다. 설비팀의 경우 윗사람들이 대부분 고졸 출신인데 대졸 사원에 대해 텃세 부리는 경우가 빈번하며 Trace 능력이 없는 관계로 어려운 일은 엔지니어에게 던지고 책임전가까지 하는 어이없는 상황을 겪게됩니다.,과장급 이상 윗사람들에 대한 인성검사가 주기적으로 이루어져야 한다고 생각합니다.,비추천,-,0
2022.04,5,기획/경영,현직원,5,5,5,5,5,출퇴근이 자유로우며 계약직이여도 사람대우를 해준다사람답게일할수있다,일이 너무많아요 근데 일한만큼 돈은 주니까 상관은없다,지금처럼만 열심히 저희 잘이끌어주시고 잘부탁드리겠습니다 감사합니다,추천,성장,0
2022.04,4,인사/총무,전직원,3,4,4,4,2,복지는 일반기업 기준 국내 최상급이지 않을까 싶고 특히 삼시세끼 공짜가 좋다,SET 부문의 경우 급격한 노쇠화가 진행되고 있고 고인물들이 너무 많다,일단 경영진 본인들부터 좀 혁신을 어떻게 할지 생각 부탁드림,추천,비슷,0
2022.04,3,금융/재무,현직원,4,4,2,2,2,밥이 잘나옴 셔틀버스 편리 (서울경기 전지역) 연봉,보고를 위한 보고 페이퍼를 위한 숫자만들기 모두가 경영진의 입만 보고있으며 해주는건 없으면서 직원의 충성만을 바라는 회사,임원진의 자리 보전이 아닌 사업을 위한 결정을 내려줬으면.,비추천,-,0
2022.04,3,생산관리/품질관리,현직원,3,3,4,4,2,어디다닌다고 말할때 구구절잘 설명할 필요가 없는 회사. 통근 셔틀 잘되어있고 그 외 각종 복지 혜택도 다양하나 코로나로 약간의 제약은 있음.,부서와 직무마다 워라밸 편차가 심함. 제조업특성상 바쁜 부서는 계속해서 바쁘고 일이 쌓이는 느낌.,임직원들의 이야기를 흘려보내지않고 같이 고민해서 더 좋은 회사를 만들어나갔음 좋겠습니다.,추천,비슷,0
2022.04,5,기획/경영,현직원,3,4,2,3,3,회사 내에서 모든거 처리 가능 은행 카페 편의점 샤워실 헬스장 다잇음,일이 너무 많음 오버근무 무조건 함 ㅠ 너무 바뿜 점심 못먹고 일하는 날 일주일에 2-3번,계약직도 성과급 주세요 더 열심히 일하는뎅 ... ㅠㅠ ..,추천,성장,0
2022.04,4,연구개발,전직원,3,5,2,3,3,대기업이다보니 휴가나 식사제공같은 복지랑 많은 월급이 장점,배울 수 있는게 많고 좋은 커리어를 만들수 있는만큼 할일이 많음,직원들의 불만을 빠르게 잘 해결해줬으면 좋겠고 업무로 스트레스 덜 받았으면 좋겠음,추천,비슷,0
2022.04,4,기획/경영,전직원,5,5,2,3,3,자기계발 위해 엠비에이 등 지원이 많고 주재원 진출기회도 있음,업무량이 많이 야근이 잦고 개인의 생활보다 조직의 이익을 우선하는 문화,조직원의 워라밸과 행복에도 진심으로 관심을 가져주면 좋겠음,추천,성장,0
2022.04,5,마케팅/시장조사,전직원,1,5,3,3,5,돈을 많이 주고 성과금이 많고 밥이 괭장히 맛있습니다 ㅎㅎ,시급제였기때문에 일을 오래해야했어서 그게 힘들었고 내가 퇴근하고싶을 때 퇴근할 수 없음,그래도 이만한 회사가 없다는 것을 여기저기 다녀보면서 느껴요 더 바라는 건 없어용,추천,성장,0
2022.04,5,연구개발,전직원,4,4,3,4,4,처우 근무여건이 좋고 본인이 열심히만 하면 경험할수 있는 좋은 기회가 많음,경쟁적인 분위기라서 기본 이상의 성과를 내지 않으면 압박이 심함,업계 경쟁이 치열하기 때문에 경영진의 목표 설정 비전 제시가 중요함,추천,성장,0
2022.04,5,개발,현직원,5,5,5,5,2,1.연차 눈치안보고 사용가능2.식당 밥이 매우 맛있음 종류가 10개씩은 됨3.유연근무제로인해 한달 근무시간만 알아서 잘 채우면됨4. 부서 분위기가 대체로 좋고 연구실로 갈수록 다들 상호존중문화가 잘 되어 있음5. 복지가 우수함6. 성과급이 빵빵함,1. 부서마다 다르겠지만 고과를 선정하는 방식이 비율에 따른 인원 산정이다보니 일을 잘 해도 밀릴때가 많음2. 부서마다 업무분위기가 많이 달라서 뽑기 운이 매우 필요3. 사업부별로 성과급을 다르게 산정하기 때문에 신중하게 사업부를 선택하는게 좋다.,연봉협상을 빨리 진행해줬으면 좋겠음. 매년 협상 줄다리기를 하는 모습이 보기 좋지 았고 노동자를 대하는 태도가 어떤지 느낄수 있음.퇴사자가 늘고 있는데 잘하는 사람을 잡으려면 그에 맞는 대우를 개선시켜야 함.,추천,성장,0
2022.04,2,생산/제조,현직원,3,5,2,3,3,대기업 시스템을 경험하기에 최적의 회사이며 복지 수준이 업걔최상위라 할 수 있습니다 전체적으로 다른 회사보단 네임벨류에서 뒤지지 않습니아,잦으뉴여근과 업무 과로의 스트레스와 지나친 경쟁으로 인한 삶의 만족도가 떨어집니다 모든 직장에서 발생하는 동일한 문제는 그대로 가지고 있습니다,특별히 바라는 점은 없으며 현재의 경영성과가 미래에도 유지될 수 있도록 최선을 다해 주었으면 합니다,추천,성장,0
2022.04,5,개발,전직원,5,5,5,5,5,그냥 모든 복지 최고임 임직원 혜택으로 삼성 제품구입가능,음 나는 딱히 단점을 못 느꼈는데 단점이라면 위치..?,그냥 지금 이 상태로 유지하고 앞으로 복지나 더 늘려줬으면 좋겠지만 이미 퇴사 함,추천,성장,0
2022.04,5,인사/총무,전직원,5,5,5,5,5,기업 이름 답게 많은 복지 월급. 일은 힘들지라도 국내 최고의 사람들과 함께 일함.,야근 높은 업무 강도 등등 있지만 그만큼 쎈 월급덕에 버틸만함.,국내 최고 기업을 이끌어가는 경영진.,추천,성장,0
2022.04,4,개발,전직원,3,5,4,4,3,어른들에게는 최고의 회사라는 인식이 있음부서 잘 만나면 야근도 별로 없고 좋음,정년까지 다닐 수 있을거라는 믿음이 없고 다들 경력 좀 쌓고 이직하려는 마음뿐,딱히 바라는 점은 없지만... 정년보장만 되면 신의 직장이 될수도,추천,성장,0
2022.04,3,기획/경영,현직원,3,4,4,4,3,시스템이 잘 갖추어져있고 개발직군과의 연봉 차별이 없음,큰 조직이다보니 불필요한 보고가 너무 많고 여전히 옛날 마인드의 사람들이 많음,사회 분위기에 맞추어 연봉 복지 등을 업그레이드해야한다고 봄 그렇지 않으면 좋은 인력은 다 빠져나갈 듯,추천,비슷,0
2022.04,4,생산/제조,전직원,4,4,2,5,3,연차를 눈치안보고 쓸 수 있음.밥이 웰스토리여서 맛있다.고졸이라도 대졸이랑 같이일할수있는 기회가 주어진다.고졸 대졸 단일직급이라 능력만있으면 부장 상무까지도 승진 가능.,오티수당 20시간이 급여에 포함되어있어 20시간 해도안해도 주기는 하는데 어정쩡하게 18시간 오티하게되면 만원이라도 더 받으려고 3시간 강제로 오티하게된다.능력이 없으면 40대에 거의 다른곳으로 간다.반도체인의 신조를 외우게 했다....,노조가 생겼던데 직원들과 소통이 원활해졌으면.,추천,성장,0
2022.04,3,생산/제조,현직원,3,5,3,4,3,연차를 자유롭게 쓸 수 있음 밥 무료로 제공함 출퇴근 버스 운영,워라밸 모르겠는곳 연차 2일 연속 사용 불가함 인력 굴리기,직원들 불만을 듣지만 말고 해결해줬으면함 총보상우위 지켜줬으면함,비추천,비슷,0
2022.04,5,인사/총무,전직원,5,5,5,5,5,식대제공. 수평적인 사무실 분위기. 친절한 설명. 정확한 업무 분담,야근. 가끔 일찍 출근해야함. 업무량이 너무 많아 바쁨,야근을 줄여줬으면 좋겠다. 더 많은 인원투입 바랍니다.,추천,성장,0
2022.04,5,마케팅/시장조사,전직원,4,5,1,5,3,연차를 자유롭게 사용할 수 있고 출퇴근시간이 자유입니다,많은 업무량으로 인한 워라벨 불균형 보고문서 작성에 시간이 많이 소요됨,실무자의 입장을 반영한 의견을 적극적으로 수용해줬으면 좋겠음,추천,성장,0
2022.04,4,마케팅/시장조사,현직원,3,4,4,4,2,자율출퇴근제는 진심 최고임부서바이부서지만 출퇴근 눈치 안봄,죄다 시스템 해놔서 뭐하나 하려고 해도 한참 걸림리더들 꼰대마인드,위기무새는 제발 그만..진짜 위기가 뭔지 모르겠음연봉도 독식하지 말고 좀 나눠줬으면삼전 다니는데 계약연봉은 이정도라고 하면 다들 놀람,추천,비슷,0
2022.04,5,인사/총무,전직원,1,5,2,3,5,높은 연봉과 복지 위치 등등 모두 다 좋았다.직원들 수준이 높다.,돈 주는 만큼 일이 많다. 이부분은 통장 잔고 보면 용서 가능하다,지금도 너무 좋고 왜 대기업인지 알 것 같다. 짱이다.,추천,성장,1
2022.04,3,영업/제휴,현직원,4,5,4,3,3,대기업 복지 회사의 네임밸류 부모님이 좋아하시는 것이 장점,보고를 위한 보고가 끝없이 반복 본사의 역할우 보고 보수적인 임원 문화,직원들은 헤드카운트 하나가 아니라 사람들임을 기억할것,추천,비슷,0
2022.04,5,연구개발,전직원,5,5,5,5,5,사회적 인식이 좋습니다 인식을 중요시 여기는 사람에게 좋습니다 그런 사람에게 추천합니다,사람이 갈립니다.. 압박이 심했습니다 하지만 이겨낼 수 있는 사람에게는 추천합니다,퇴사해서 딱히 바라는 점은 없습니다 같은 팀원들에게 잘 해줬으면 좋겠네요,추천,성장,0
2022.04,5,연구개발,현직원,4,5,4,5,5,직급 체계를 바꾸고 없애면서수평적 문화를 만들기 위해 힘쓰고 있음단연 상여급 지급은 업계 최고수준,주 40시간을 목표로 한다고 하지만부서에 따라서 잔업이 많음가끔씩 주말 출근도 해야하는 불상사도 있음,직원들과 많이 소통하고 한다면세계 일류회사를 유지할수 있을거 같음,추천,성장,0
2022.04,4,생산관리/품질관리,전직원,4,5,4,4,5,대외적으로 좋은 이미지(특히 어르신들)ds 사업부 내에 있어 성과급이 항상 좋았음,지방 근무(최대 단점)24시간 돌아가야 하는 라인으로 교대근무 필수(이건 부바부 일듯),미래 먹거리에 대해 어떤 고민을 하고 추진하는지 잘 모르겠었음,추천,비슷,0
2022.04,5,생산/제조,전직원,5,5,5,5,5,인센티브가 많고 돈을 많이줌 뭐든 기업은 돈 많이주면 장땡,단점은 업무량이 많고 타 기업으로 이직하고 싶은 생각이 듬 예를 들면 구글,합리적은 복지 체계가 필요하고 두발의 자율화가 필요하다 생각함,비추천,성장,0
2022.04,5,인사/총무,전직원,3,5,5,5,5,연차를 눈치 안 보고 쓸 수 있음부바부지만 부서 분위기도 사람들도 좋음,코로나 때문에 각종 복지들 사용 불가함코로나 때문에 식당 메뉴 줄어들고 부실해짐,내 담당 경영진들은 다 좋았음 정도 많으시고 이젠 안 계시지만..,추천,비슷,0
2022.04,4,생산관리/품질관리,전직원,4,5,3,3,4,연차를 비교적 자유롭게 쓸수있으며 안쓰면 수당으로 주고 법적인것은 문제될것이없음,일이많음 그냥 너무많음 그냥진짜완전너무많음후 진짜 힘듦,딱히없다 그냥 이대로 큰탈없이 기업이 잘 유지되기만을 바란다,추천,성장,0
2022.04,5,마케팅/시장조사,전직원,5,5,5,5,5,연차도 마음대로 사용할 수 있고글로벌 기업 답게 추천 드립니다,너무 요청이 많아 힘듭니다자율 시간를 주세요 그러면 살 수 있습니다,열심히 한자 떠나라 라고 말하고 싶다,추천,성장,0
2022.04,5,기획/경영,현직원,3,3,3,3,2,성과급이 나올 경우 연봉이 높다. 글로벌한 경험을 많이 할 수 있고 이직 할 때도 유리하다.,현 시류에 좀 뒤쳐져지는 느낌임. IT 기업들이 복지나 연봉 문화 등을 워낙 잘 만들어가고 있어서 상대적으로 노후된 느낌,다른 경쟁사들이 직원둘을 어떻게 대우하고 문화를 만들어가는지 보고 배우면 좋을 듯,추천,비슷,0
2022.04,4,기획/경영,전직원,3,5,3,4,4,대기업의 시스템과 업무 흐름을 배울 수 있고 역량이 뛰어난 상사를 만날 경우 업무 스킬이 수직상승,생각보다 잉여인력도 많고 인맥으로 살아남는 무능력한 간부도 많다,코로나 이전에 회식문화는 개선이 필요해보였습니다. ㅎㅎ,추천,성장,0
2022.04,4,개발,전직원,4,4,4,4,4,실력중심 오로지 실력으로 내 가치를 평가해주는곳 자신있는사람만,대접받는만큼 열심히 해야하고 성과에 대한 압박도 이겨내야함,수직적인 소통 창구가 더 많이 생겼으면 좋겠다?,추천,성장,0
2022.04,3,연구개발,현직원,4,3,1,2,2,예전 명성만은 못하나 고용안정성은 장점. 통근 셔틀 잘되어있음. 시스템이 잘 갖춰짐.,사내에서 조직간 rnr 워라벨 너무 격차가 큼. 노는곳은 계속 놀고 힘든곳만 계속 힘든 구조. 임원진들의 단기적 성과 목표에만 매달려있는 현실.,향후 5년 10년 15년을 보고 투자하고 프로젝트를 키워야함. 돌려막기식 원가절감으로는 향후 미래는 없다.,비추천,-,0
2022.04,4,생산/제조,전직원,2,5,3,3,4,매출이 좋으면 상여금을 두둑히 챙겨준다.회사 식당 밥이 맛있다.회사 내 카페빵집 등이 있다.,연봉이 많긴 하지만 그만큼 업무량도 많다.연차쓰기 힘든 구조 연차쓰면 그만큼 일이 쌓이기 때문에 눈치가 보인다.대기업은 승진이 힘든구조 막내생활을 쉽사리 벗어나기 힘든구조,사실 경영진에 바라는 점은 없다. 그만큼 회사를 잘 이끌어 가주고 있고 삼성이란 회사 자체가우리나라를 성장시키는데 많은 공헌을 하기 때문이다.,추천,성장,0
2022.04,5,연구개발,현직원,5,5,5,5,5,본인의 능력을 잘 발휘하면 워라벨 확실하게 보장 된다.,복지제도가 대기업이라고 볼 수 없을 정도로 낙후되어있다.,90년대에서 멈춘 낡은 복리후생을 개선해주었으면 좋겠다.,추천,성장,0
2022.04,4,생산/제조,전직원,4,4,5,4,4,대기업의 복지를 경험할 수 있는 곳. 첫직장이어서 이후 회사들에게 만족감을 느끼기 힘들게 했다. 사내식당이 아직도 생각나는 곳,제조직군은 개인의 발전 가능성이 거의 없었다. 단체 협동 근무라서 은행이나 개인 볼일을 보러 갈 때 점심시간 공략해야 하므로 점심 포기해야함.,지금은 그 부서가 없어진 것 같지만 지금까지 견고한 대한민국 대표 기업의 모습으로 잘 유지 해 주기를,추천,성장,0
2022.04,4,인사/총무,전직원,4,4,4,4,3,높은연봉 블루베리몰복지이용 연성장혜택 연차가비교적자유로움 임산부단축근무 출산선물 등 넘치는 복지,몇몇 그룹장들은 아직 그 옛날 꼰대문화에서 벗어나지 못하고 있다,임원회의만 주구장창 열지 마시고 아랫직원들도 돌봐주세요,추천,성장,0
2022.04,5,인사/총무,전직원,5,5,5,5,5,복지의 끝판왕 회사안에서 모든 숙식가능 일을 효율적으로 할 수 있도록 최선의 복지를 준다,연봉은 높지만 근무시간으러 따지면 글쎄… 워라밸 글쎄.. 그래도 뭔가 성과가 있고 피드백도 빠르고 체계가 좋아서 암튼 내가 무슨일을 해야하고 발전해야하는지가 분명함,워라밸 적극 보장..해줬으면 ㅠㅠ 승진체계도 좀 더 명확 했으면,추천,성장,0
2022.04,3,개발,전직원,4,3,3,2,1,전체적인 기업 시스템 프로세스를 경험하기에 좋음팀 바이 팀 이지만 근태가 자유로워짐,프로세스업무 분담 체계가 확실하지가 않으며방향성을 잃게 되는 경우가 많음,합리적인 복지와 보상도 중요하며 소통이 일방적인 소통이라 공감하기 어려움,비추천,-,0
2022.04,3,디자인,전직원,2,4,2,3,2,모두가 꿈꾸는 기업이며 선망의 대상의 기업 대한민국에 모르는 사람이 없는 기업,모두가 아는 회사이나 모두가 알듯이 주는만큼 뽑아내는 곳 모든 직원이 부품이되어 굴러가는 회사 그만큼 낡은 부품은 대체품이 넘쳐흐름,영리기업은 기업의 이윤을 목표로 굴러가는것이 맞으나 그 이윤은 직원에게서 파생된다는 것을 알아줬으면 함,비추천,비슷,0
2022.04,5,인사/총무,전직원,4,5,5,5,5,연차는 눈치봄보너스 받을때 행복함  밥이 맛있음사내에  식당 병원 은행  다 있어서 좋음,전표처리하고  다른빌딩까지 가야되서 힘들지만 다이어트되고 좋음,너무 감시하려하지말고  월급은 동일한데 부서마다 업무량이 달라서 ...  이부분은 슬픔,추천,성장,0
2022.04,2,연구개발,현직원,2,3,3,1,1,전사적으로 복지는 무난한 편 휴가일수 매우 적으나 근골격치료 센터 등 의료 관련 복지는 좋음,보고를 위한 보고 보고를 위한 업무가 너무 많음. 커리어를 만들어나가기 어렵고 소통 단절,회사 성과만큼 직원을 갈아넣지만 말고 대우해주는 것이 장기적으로 필수일 것. 직원에게 동기부여를 해주지 못하는 회사는 도태될 수 밖에 없고 이미 그런 시점에 도달한 듯.,비추천,-,0
2022.04,2,연구개발,현직원,3,2,2,2,1,자율 출퇴근제 가전 할인 식사 제공 출퇴근 버스 운용 등하지만 다른 기업들도 다 하는 것들,보고를 위한 보고 발전이 없는 인재 운용 낮은 연봉 직원을 부품으로만 보는 기업 시각1등의 성과를 바라면서 꼴등의 대우를 제공하려는 회사,기업의 가장 큰 위험은 직원이 패배감에 찌드는 것이다.지금 직원들의 패배감을 만드는 것은 누구일까? 한때는 잘 나갔지만 제품을 개발하는 운용하는 실험하는 판매하는 모든 직원을 원가 절감의 대상으로 보고 부정적인 생각만을 갖게 만드는 직원 대우지금 있는 인재도 앞으로 올 인재도 모두 부정적인 생각을 갖게 만든다면 그렇게 줄창 외치던 위기가 현실이 될 것,비추천,-,1
2022.04,5,개발,전직원,4,5,5,5,4,인턴임에도 꽤 많은 돈을 받을 수 있었음. 자율 출퇴근 및 복장 자율화는 굉장히 좋은 듯. 학부 임에도 다양한 선행 연구를 할 수 있고 밥이 굉장히 맛있었음.,성장에 크게 도움이 안되는 기업일 수 있음. 좋은 워라밸은 최고의 장점이긴 하지만 오히려 개발자로서 성장하는데는 남들보다 뒤쳐질 수 있는 위험성이 존재함.,딱히 바라는 점은 없었습니다. 인턴으로 경험해보았기 때문에 전체 회사에 대해서는 많이 알지 못한다.,추천,성장,0
2022.04,4,기획/경영,전직원,5,5,3,3,5,반도체의 경우 업계 Top 수준의 보상 및 복리후생 제공 꾸준히 개발 스터디하는 분위기,회사가 크고 우수 인력이 많다보니 경쟁적이고 관료적인 면이 있음,내부 환경상 단기성과에 집중하는 경향이나 미래지향 비전 제시와 신규 영역에 과감한 투자 등 향후 성장 스토리 필요,추천,성장,0
2022.04,3,생산관리/품질관리,전직원,3,4,2,3,2,일 한 만큼 돈 많이줌. 복지도 역시 대기업이라는 생각이 들게함.,윗 사람들 다들 자기들이 잘나서 회사가 잘 돌아가는지 앎.,가끔 직원들 무시하는 경향이 있는데 그거좀 고쳤으면 좋겠음.,추천,비슷,0
2022.04,5,개발,전직원,5,5,5,5,5,연차 자유롭지만 할이 해야 한다 복지혜택 좋다 돈 많이 준다,무한경쟁이다 무서움 스스로 옥죄는 느낌 스스로 자기개발하라는데 그럴 시간이 없다,삼성삼성하는데 정말 삼성전자가 최고다하는사람은 돈이 최고인 사람이다.,비추천,성장,1
2022.04,3,연구개발,현직원,3,4,2,3,1,출퇴근 버스 지원 식사 지원 본인/배우자/자녀 의료비 지원 자녀 유치원비 대학 등록금 지원.,법정 최소 휴가로 여름 휴가 및 기타 휴가 없음. 3교대 근무 가능성 있음 하이닉스 초봉 5040 대비 4800으로 5% 적음 업무 성과가 성과를 근거로 책정되지 않음 성과에 대한 기준이 깜깜이임. 회사가 직원과 진심으로 소통하려는 의지 없음.,적어도 업계 최고의 영업실적을 내면 직원들도 함께 성장할 수 있으면 좋겠습니다. 회사가 성장해도 직원들은 성장할 수 없는 환경에서 직원들의 사기가 많이 떨어져 있습니다.,비추천,-,1
2022.04,4,개발,현직원,4,2,2,1,1,복지 관련 정책 제일 먼저 적용함 밥이 맛있어서 밥 때문에 회사 다님,경영진들이 꽉막힌 공장 아재들임 SW엔지니어라면 여기가 무덤임 발전을 못함 노조가 힘을 못 써서 당연하게 있어야 할 복지들이 없거나 연봉협상자체가 안 됨 그마저도 회사 밖 여론은 귀족노조네 어쩌네 해서 답답함,소통하는 척 좀 제발 그만했으면 좋겠음 직원을 소모품으로 생각하지 않으면 좋겠음,비추천,-,1
2022.04,3,마케팅/시장조사,전직원,3,3,1,2,2,수원사업장 기준 다양한 식당 및 메뉴 이용 가능글로벌 기업의 사업 스케일 경험 가능삼전 제품 직원 할인이나 그룹 쇼핑몰 이용 가능 및 복지 포인트 등 기타 복리후생이직 후에도 네임밸류로 어느 정도 도움이 되긴 함,Regional PM으로 일하면서 국내 시간/현지 법인 시간 내내 격무에 시달림가본적도 없는 국가인데 주간 매출 목표 미달성 시 월요일 아침부터 합리적인 변명거리를 만드는게 일이었음-> 이외 다양한 원인들로 인한 실적 부진 등으로 사업부 매각됨,뺑뺑이식 사업부 배치는 안했으면...어차피 사업부장 마음대로 할거면 왜  그많은 사람들이 보고 자료를 만들어야 했을까...,비추천,비슷,1
2022.04,3,기획/경영,현직원,3,3,3,3,3,글로벌 기업이라 해외 경험 많이 가능하고 출장도 많음.,보고 위한 단순한 작업 많아서 본 업무 할 사간 많이 없음.,워라벌 챙겨주고 직원 의견 존경해줬음 합니다.,비추천,비슷,0
2022.03,4,엔지니어링,현직원,3,4,3,3,3,연차 자유롭게 사용 가능한 분위기 좋은 부서 사람들 비교적 괜찮은 복지들이 다양함,업무강도에 비해 급여가 적다는 생각을 종종함 어쩔 수 없는 라인타기가 승급에 있어서 중요한 것 같음 그래서 그냥 일정 수준 도달하면 아무생각없이 월급만 받으려는 사람도 다수 봄,지금도 괜찮긴 하지만 좀 더 실용적인 복지를 만들어주길 바란다.,추천,성장,0
2022.03,5,생산/제조,전직원,5,5,5,5,5,운영이 안정적이고 사원 복지도 좋고 승진 기회도 많음. 큰 기업이라 배울 수 있는 것도 많음.,일 많아서 스트레스 많이 받아 사원의 고총의 해결책을 구해야 되고 더 좋은 분휘기에서 일하게 만들어야  함,기업 체계를 보완하여 더 좋은 복지 및 보상 시스템 미련했으면 좋겠음.,추천,성장,0
2022.03,4,생산관리/품질관리,현직원,3,5,1,2,4,합격후에 주변사람들이 좋게 생각해주고 특히 부모님이 좋아해주는것..  실무 전까지 삼성뽕 차는것,교대근무 힘듦. 업무에 현타를 느낄때가 많음.철저히 개인적이여서 실수할 경우 매장 당함,교대 직 처우 개선 시급합니다. 다들 경쟁사로 탈출을 노리는 중이에요. 인원을 많이 뽑아서 근무를 좀 줄였음 좋겠네요,추천,성장,0
2022.03,3,연구개발,전직원,3,3,3,3,3,연차가 많음사내문화가 좋게 형성되어 있음.분위기가 좋음.,일에 비해서는 급여가 적음.야근이 잦음.공평하게 업무가 분장되어있진 않음.,대기업이기도하고 여러모로 배울점은 많았으나 위와 같이 약간의 아쉬움이 있습니다.,비추천,성장,0
2022.03,3,생산/제조,현직원,3,2,4,2,2,연차를 자유롭게 쓸수있다명절 상여금이 나온다..;나름대로 워라밸이 좋다,생각보다 회사에서 누릴수 있는 복지가 많지않다이상한 캠페인을 하고있어서 불편하다연봉협상 지연이된다협의회에서 제대로 하는일이 없어보인다,잘팔리면 성과급이라도 팍팍주세요눈에 보이는 복지말고 피부에 와닿는 복지혜택을 늘려주세요,비추천,비슷,0
2022.03,4,개발,전직원,3,4,3,4,2,일단 부바부이지만그냥저냥 다닐만함아무래도 다른 사람한테 말할때 어깨 뽕이 차는 점이 있다,수평적이라고 하지만 수직적임그리고 윗사람을 잘만나야함,상여금 더욱더 많이 주었으면좋겠습니다힘든 만큼 돈으로 보상받고 싶음,추천,성장,0
2022.03,4,기획/경영,전직원,2,3,1,2,3,사옥이 좋습니다. 환경이 쾌적하고 위치도 좋구요. 보안이 넘 까다로와 번거로움이 많지만 조금 신경쓰면 되구요. 사람들은 케바케입니다. 정은 없고 일은 잘합니다.,행정잡무가 많았고 비효율적인 회의도 많았는데 많이 개선됐습니다. 토요일도 야근했었는데 지금은 좋아진듯. 오래 버텼어야했나봐요. 팀 사람들이 무척 세속적이였습니다. 너무 당당하게 사람들 평가하고 저울질해서 좀 민망했어요.,제가 사장이었으면 이 사람들 다 잘랐어요. 지금은 좋으졌으라나요. 노는 사람많고 그 사람들이 꼭 물 흐립니다.,추천,성장,0
2022.03,3,개발,전직원,3,5,5,3,2,월급 잘나오고 밥 맛있고 생각보다 사내분위기는 괜찮고기본적으로 짧게 생활했을때 느끼는 점은 전체적으로 좋음,생각보다 탑다운이 심각하고소프트웨어 관련 AI 관련 리더쉽이 전무함위에 하드웨어만 드글드글하고 소프트웨어의 소자도 모름,님들이 소프트웨어쪽도 탑티어라고 생각한다는데....꿈 좀 깨고 남은 사람들은 어디 못가는 사람들만 점점 남는 느낌탈출은 지능순,추천,비슷,0
2022.03,3,데이터,현직원,3,2,2,1,1,돈이 많은 회사. 유보금이 많아 당장 망하거나 실패하진 않는다,회사만 돈이 많고 직원은 돈이 적다. 직원을 너무 쉽게 본다,보안핑계로 팔다리 자르고 일하는 문화가 사라졌으면함. 직원에 대한 존중과 보상을 해주면 함,비추천,비슷,0
2022.03,4,디자인,현직원,3,4,3,3,2,식사비용이 안들어간다 혹시 혼자산다면 퇴사전까지는 굶어 죽지는 않는다.,너무 다양한 사람들이 모여있어서 별별 사람이 다 있다. 그리고 성공 하기위해서 오는 사람에게는 헬이고 그냥저냥 하는 사람에게는 천국??,장기적 실적에 집중해주시면 좋겠다 눈앞에 있는 쓸대없는거 쪼지말고…,추천,비슷,0
2022.03,5,생산/제조,전직원,5,5,5,5,5,각종 다양한 복지제도 안전한 시설 관리 동등한 대우,너무 넓어서 돌아 다니기 힘들어요 버스 타러 걸어가는데만 20분..,합리적인 복지제도와 직원을 존중해주는 경영마인드로 지금처럼 잘 부탁드립니다,추천,성장,0
2022.03,1,연구개발,전직원,3,4,1,3,1,어학비 자기계발휴가 자율출퇴근제 쿠킹클래스 매년열리는축제 체육대회 반바지 등등 밖에서 보이는 사내문화는 좋아보이려함. 여성에게 출산휴가등을 장려하고 눈치주려고하지않음  직급없음,눈치주려하지 않는다가 공식입장일 뿐이지 부서내에서는 꼰대들로인해 사실상 연차나 휴가를 쓰고오면 그해의 가장 낮은 고과는 내몫 직급이 없다뿐이지 어차피 알음알음 존재함.사업부간의 연봉격차로 똑같은 근무강도에도 연봉차이가 2ㅡ3천까지 차이나기도함.,사업의 결과가 중요하기는 하지만 과정까지 무시하지 않았으면 좋겠음.제발 부서배치할때 사원이 가고자하는 곳이 명확하면 그쪽으로 보내기를 바람. 다른일 시키면 얼마든지 잘할수있는 사람을 다른데 배치해서 결국 다들 퇴사시기를 앞당기는 경우가 상당히 많음.그리고 돈으로 차별좀 하지마라,비추천,비슷,1
2022.03,3,생산/제조,현직원,3,5,2,3,3,연차가 비교적 자유로움밥 다양하고 맛있는편통근버스 좋음네임벨류 부모님이 좋아함,관리를 위한 쓸데없는 지수관리가 많음직원이 성장해야한다고 말하면서 업무기회를 주는 정도가 너무 부족함..더 나은 일을 하고싶어하고 무언가 바꾸려는 직원들한테도 희망꺾는 말들을 많이함MZ세대라는 핑계로 바뀌지않으려하고 본인들만 맞다고 생각하는 관리자들,세대간 차이도 심하고 갈등도 발생하는데 세대갈등에 대한 이유를 mz세대의 문제로만 보는게 맞는 건가 싶습니다 솔직히 저는.mz세대들과는 약간 다른 생각인데 하고 싶은 일이 있어도 형평성과 연차를 벗어난 일이라는 이유로 공부를 하고 성과를 내도 인정해주지 않는 썩은 제조센터 문화가 바뀌어야 발전이 가능,추천,비슷,0
2022.03,5,기획/경영,전직원,5,5,5,5,5,상여금이 많이 나오고 교육의 기회도 많고 식사는 3끼 무료로 제공된다.,열심히 일 잘하는 인력에게 한없이 일이 몰리지만 성공의 기회도 많이 주어짐일과 가정의 밸런스 잘 유지 해야 함,조직의 발전은 팀웍에 의해 좌우되는 바 동료간 지나친 경쟁심을 유도하지 않으면 좋겠음,추천,성장,0
2022.03,2,연구개발,현직원,2,5,1,2,2,사내 복지는 업계 최고수준이고 실적 좋을때 인센티브가 많음.,수직적인 구조에서 보직장 및 파트장 밑에서 그들을 위해 소모품으로 희생할 각오가 있다면 가는거 추천.,고객한테 GOS로 사기치지 말고 기술개발 본질에 집중하시고 본인들 자리 유지위해 밑에 임직원들 희생시키지 마시길,비추천,-,1
2022.03,4,연구개발,현직원,4,5,4,3,4,자율출퇴근제가 자리 잡아있고 코로나 이후로 회식이 금지되어 워라밸이 더욱 보장됨. 잡포스팅 mcm 등으로 다른 직무를 경험할 수 있음.,진리의 부바부. 부서장급 성향에 따라 부서 분위기가 심하게 다름.,합리적인 연봉 협상을 해주었으면 한다.,추천,성장,0
2022.03,5,미디어/홍보,전직원,5,5,5,5,5,복지가 좋고 국내 최고 대기업에 근무하는 자부심이 있습니다.,아무래도 구성원들이 약간 보수적인 부분이 없지않아 있습니다,앞으로도 복지가 더욱 발전하여 젊은 사람들이 장기 근속할수 있으면 좋겠습니다.,추천,성장,0
2022.03,3,생산관리/품질관리,현직원,3,2,2,3,1,회사 규모가 너무 크다보니 부바부가 너무 심해 이렇다 저렇다 정해놓고 얘기할 순 없지만 대기업하면 떠오르는 복지는 얼추 갖추고 있음. 개발이나 sw 쪽은 자율출퇴근 활용도 비교적 잘 되는 편이고 분위기도 자유로운 편. 가장 큰 장점은 회사 밖에서 이름빨이 먹힌다는 점. 그래서 첫 직장으로 추천함. 재직이력으로 이직하기가 좋음.,단점도 케바케 부바부지만 제품이나 hw 쪽은 아직도 80년대 분위기로 회사 흐름을 못 따라가는 부서도 존재함. 동등 수준 대기업과 비교했을 때 현저히 떨어지는 복지. 가장 큰 문제는 직원들이 회사에 대한 신뢰가 바닥났다는 점. 퇴직 앞두거나 딸린 식솔이 많아 꼼짝없이 다녀야 하는 아저씨들 빼고는 다들 탈출경로만 찾는 중.,이미 직원과 회사간에 신뢰가 무너질대로 무너졌기에 모 경영진 말처럼 절싫중떠하지 못한 회사 입맛에 맞는 직원들만 남을 때까지 바뀌지 않을 것 같습니다.,비추천,-,0
2022.03,3,개발,현직원,3,4,4,3,1,복지는 타 회사와 유사하지만 계속 좋아지는 경향이고 야근하면 그에 따른 수당이 눈치보지않고 나오므로 이것도 좋은거같네요,성과중심에 상대평가로 타부서와 일하기 어렵고 파트내에서도 등급에 정해져 불공정한 평가 받기도함,경영진은 일년마다 재계약하므로 중장기 전략이 없고 단기 성과만 보면 수직적 명령과 업무는 변함이 없음,추천,비슷,0
2022.03,4,생산/제조,현직원,4,5,4,3,5,우선 체계적인 시스템으로 업무가이루어지고 각 부서에 맡은 업무를 집중적으로 하실수있습니다.,보고서작성줄이기를 시행하지만 줄이기위해서 보고서를 만드는 이상함,노조가 무리한것을 요구하는 것이 아닙니다. 회사의 사정을 알기에 협상과 타협이 필요해보입니다,추천,성장,0
2022.03,3,개발,전직원,3,4,4,3,1,자유로운 연차 사용과 자율적인 근무 시간 조정. 연봉은 낮지만 연말 성과급을 기대할 수 있는 곳,빠른 의사 결정이 어렵고 각자의 분야만 신경쓰기 때문에 협업이 쉽지 않음,보상이 합당하면 직원들은 알아서 근로 의욕이 생김,비추천,-,0
2022.03,5,개발,현직원,5,5,5,5,5,눈치 볼 필요없고 다른곳보다 자유롭게 일해서 좋아요. 역시나 밥이 젤 맛있죠. 최고의 복지는 밥인것같아요.,단점은 업무량이 많다?말고는 딱히 없습니다. 지금처럼만 유지됐으면 좋겠습니다.,경영진은 항상 뉴스로 만나게 되더라구요. 딱히 바라는건 없고 지금 처럼만 해주세요,추천,성장,0
2022.03,5,연구개발,현직원,3,3,3,4,3,완전 부바부겠지만 지금 부서는 좀 젊은 부서로 연차 사용 거리낌없고 자유로운 편,임금 협상이 어디보다 어려운 느낌 복지 사각지대가 많음,보여주기식 말고 정말 보여주길 바란다 회의도 좀 줄여주고 교육도 정말 필요한 교육을 해주길,추천,비슷,0
2022.03,4,개발,전직원,3,4,5,3,4,사업부별 다르지만 높은 인센티브대기업 평균 이상의 일반 연봉생각보자 자유로운 회사 분위기,대기업 시스템에 적용해야함큰 꿈을 가지고 회사생활하면 귀찮은 일이 많음,복지 확대 및 인센티브 확대투명한 고과평가가 필요합니다.,추천,비슷,0
2022.03,5,연구개발,현직원,5,5,5,5,5,글로벌 기업이고 규모가 있다보니 본인 의지만 있다면 다양한 업무 경험을 할 수 있습니다. 해외 파견 등의 기회도 많이 있습니다.,사람이 많다보니 개개인이 하는 업무 중요도가 낮을 수 있다는 점이 있고 대체될 수 있다는 불안이 있습니다. 경쟁 의식이 생기게 됩니다.,경영진 교체가 자주 있다보면 의사결정이나 방향이 바뀌게 되어 프로젝트를 진행하는데 혼란을 가중시킵니다.,추천,성장,0
2022.03,3,생산관리/품질관리,전직원,3,4,2,2,3,사내 복지 지원이 엄청난 것이 오래 근무 할 수 있는 이유이지 않을까 싶지만 저는 오래 다니진 못했다.,교대근무가 역시나 장기적으로 봤을 때 결코 쉬운 일이 아니다. 이것이 오래 근무 할 수 없는 이유이다.,바라는 점은 딱히 없읍니다. 경영진들에게 나의 의견이 전달 되는 것도 아닐텐데.,비추천,성장,0
2022.03,1,연구개발,전직원,1,2,1,1,1,밥이 맛있고 돈은 나름 많이 줌. 돈을 많이 주는데는 이유가 있음.,단점은 한두개가 아니라 다 언급하기 힘듬. 제일 큰 단점은 음흉한 조직문화,맨날 비메모리 투자 어쩌구 해서 삽질좀 안했음 좋겟음,비추천,-,3
2022.03,3,생산/제조,현직원,3,4,2,4,2,구내 식당 패밀리넷 베네포유 등 삶의 복지와 사람이 많다보니 연차 겹치지만 않으면 자유롭게 사용가능,보고서 작성이 너무 많고 생산라인에 간섭하는 부서가 너무 많음 일정 부서에 일이 몰려있음,직원들과 소통을 좀 더 늘리고 불필요한 보고체계는 과감히 버릴것,비추천,비슷,0
2022.03,4,기획/경영,전직원,4,5,3,3,3,대한민국 사람이라면 누구나 아는 회사 네임밸류. 평생의 경력,반도체 모바일 제외하면 성과급이 좀 아쉬운편. 미래성장성이 조금은 걱정,우리나라 기업 중 몇개 안돼는 글로벌 기업 유지해나갈 수 있기를,추천,비슷,0
2022.03,4,개발,전직원,3,5,3,3,3,삼성이면 누구든 알다시피 급여는 빵빵 복지도 나름 많음.,급여에 따른 과다 업무 이로 인한 스트레스 탈모 생김,퇴사한 마당에 바라는 점은 없음. 후에 입사할 사람들이 불쌍할 뿐,추천,비슷,0
2022.03,5,개발,현직원,4,4,3,3,3,대부분의 대기업에서 실행되는 복지를 모두 누릴 수 있음. 연차 거의 마음대로 사용가능하고 자율출퇴근 등 요즘 IT기업에서 이뤄지는 대부분의 복지를 따라가려고 함.,팀마다 그룹마다 파트마다 전부 다르겠으나 본인이 근무한 파트는 고일대로 고인 고인물 파티라 이걸 비집고 들어간다는 것 자체가 굉장히 어려움. 조금씩 배워나간다고는 하지만 새발의 피. 물론 버티고 공부하다보면 늘겠지만 글쎄.. 아직은 잘 모르겠음.,일정에 쫓기고 바로바로 성과 내는것보다도 조금씩 미래를 위한 투자를 해줬으면 좋겠음.,추천,비슷,0
2022.03,5,기획/경영,현직원,5,5,5,5,5,생각할수있는 모든 복지를 누릴수있음 대기업이라 체계적으로 일을 배울수있다,체계적으로 일을 하는 대신 사람이 수동적으로 변할수있음 개인적으로 발전하려고 노력해야함,딱히 바라는건 없고 이대로만 가도 될거같음,추천,성장,1
2022.03,4,개발,전직원,3,4,3,3,2,큰 시스템에서 체계적으로 일하는걸 배울 수 있음.동료들이 어느정도 이상 수준을 기대할 수 있음,보고 가 많음능력없는 고인물 많음관리를 위한 조직이 많음,좀 더 빠른 의사결졍 필요 바텀업 의사 수렴 필요효율적인 조직관리 필요,추천,성장,0
2022.03,3,엔지니어링,현직원,3,4,4,3,2,사내 분위기가 자유로움인센티브로 목돈을 받을수 있음출퇴근 및 식당 복지가 좋음,보고를 위한 보고 업무 과다평가가 공정하지 못하지만 공정한척 함업무 전문성 향상에는 도움 안됨,평가을 공정하게 못할꺼면 그냥 연차 호봉제로 했으면 좋겠음보고 업무 줄이기를,추천,-,0
2022.03,4,엔지니어링,전직원,3,4,4,4,3,연차가 쌓일수록 업무에대한 숙련가 올라가고 많은 경험을 할수있다.브랜드파워가 높고 반도체 골든사이클이라 보상도또한크다,많은 임직원수만큼 경쟁도 치열하고 내가 하고있는 일이 다른 누군가로도 대체가능한 시스템이고 이로인해 언젠까지 여기에서 다닐수있을지 고민이된다.,임직원들의 커리어와 질적성장에도 보다 많은 관심과 투자를 해주었으면...,추천,비슷,0
2022.03,4,생산/제조,현직원,4,5,1,1,1,셔틀버스가 잘 갖춰져있고 일단 위치가 그래도 경기도 안쪽이다 보니 서울에서는 멀리 떨어져있지만 지방보다는 훨씬 낫다. 그리고 무엇보다 네임밸류 무시 못할것같다. 외부 사람 만날때 그냥 삼성전자 다닌다고 하면 프리패스,회사의 규모가 너무 커서 이 프로세스에 문제가 있다는걸 누구나 다 알고 개선해야된다는 점이 분명하지만 아무도 바꿀 용기를 내지 못한다. 그래서 생각보다 해결법이 간단한 문제도 쉽게 해결하지 못한다.,사람을 일단 더 뽑아야하고 직원들 평균 근로 시간이 많은 부서로 인력을 우선 투입해야한다.,비추천,비슷,0
2022.03,2,생산관리/품질관리,전직원,1,5,1,1,1,인턴직 월급을 월중 월말 두 번 나눠서 받을 수 있는 점,기업문화 생기 없음상사 눈치 봐야 퇴근가능한 점칼 퇴 불가능,유통성 있게 기업 문화 개선 해주시기 바랍니다.더 젊은 회사로,비추천,-,0
2022.03,5,개발,현직원,5,5,5,5,5,연차를윗사람눈치안보고쓸수있고 밥이맛있고 사람들이 너무 좋은거 같습니다.,일을못하는사람이 직급을차지하고있습니다 월급루팡을 내쳐야함다고생각합니다.,성과금을 조금도 올려주면 너무 좋을거같습니다 다른점은 없네요,추천,성장,0
2022.03,4,연구개발,현직원,5,4,2,4,3,1. 자율출근제가 실제로 잘 운용됩니다.2. 어쨌든 돈은 확실히 많이 줍니다.,1. 워라밸이 박살난 부서가 많이 보입니다.2. Ps 중심이라 기본급이 낮습니딘.,1. 고객과 직원과의 적극적인 소통이 있었으면 좋겠다.2. 양보단 질..전회장님ㅜㅜ,추천,비슷,0
2022.03,5,엔지니어링,현직원,3,5,5,4,5,눈치보지 않고 자유롭게 연차사용높은 복지수준선진경영문화,주변 동료들과의 경쟁으로 지침설비 보직은 만족하기가 힘듦,불만이 많은 부서에게 관심을 주시면 좋겠습니다.항상 감사한마음,추천,성장,0
2022.03,5,생산관리/품질관리,현직원,4,5,4,3,4,일단 연봉 높은 건 다 알 거고 요즘 거의 정년퇴직 연차가 자유로움 부바부이긴 하지만 칼퇴 연차 사용에 눈치 안 줌,생각보다 쎈 업무강도 체력이 없으면 교대 근무가 좀 힘들 수 있음 거의 정년보장이긴한데 힘들어서 퇴사하는 경우가 많음,좋은 복지와 혜택 좋고 연봉도 좋습니다. 따로 바라는 점 없습니다.,추천,성장,0
2022.03,5,금융/재무,전직원,3,4,4,4,4,연차 쌓일수록 상승률이 아주 높음.큰기업에 다닌다는 자부심,부서바이 부서가 너무심함.개인주의 심함.부서간의 협업,큰 기업을 다닌다는 자부심을 느낄 수 있었으나 힘든점이 많습니다.,추천,성장,0
2022.03,3,개발,전직원,3,5,3,3,3,밥이 정말 잘나옵니다조식중식석식 다 메뉴가 10가지 이상,기본 제공 연차빼면 쉴 수 있는 날을 따로 안줌여름휴가 5일씩 주면 좋을 것 같음,지나치게 직원들을 정량화하여 평가하려는 게 눈에 보임임직원을 인격체로 봐 줬으면 하는 바람이 있음,추천,비슷,0
2022.03,5,생산/제조,현직원,4,5,3,4,4,연차는 눈치 안보고 쓸수 있음 사내 식당 다양한 메뉴로 구성되어있어 좋음 어느 정도 능력에 맞는 대우를 보장 받을 수 있음.,부서마다 다르겠지만 일단 내 부서는 정시 퇴근하는 날이 1년에 손에 꼽음.업무량이 너무 많아 상사들도 거의 하루종일 사무실에 계심...그런걸 감안하면 급여가 많은것도 아니라는 생각이 들 정도로 업무량이 많다..,최근 인사과에 우리부서 과한 업무량으로 보고 되었는데 이게 반영이 잘 안되는 것인지 인원 보충이 너무 더딤..,추천,비슷,0
2022.03,3,기획/경영,전직원,3,3,3,3,3,삼성이란 대기업의 워라벨 복지 급여 등 여러모로 나름 만족하는 수준,비효율적인 업무가 많았고 여러가지 힘든것들도 많았으나 다 이야기 하진 못할거같다,없다 너무많은 이야기가 있지만 하나하나 여기에 쓰기 너무 길어 파스,비추천,비슷,0
2022.03,5,생산/제조,현직원,5,5,5,5,5,자율 출퇴근제 근무 여건 식사및 버스 제공  이 외 복지 특별한것 없음,제조업 근간의 회사라서 보수적이고 까라면 까라는 문화가 았음,자율성을 표방하려 하지만 철저히 국내화된 기업으로 개선이 많이 필요함,추천,비슷,0
2022.03,4,생산관리/품질관리,현직원,4,4,4,3,3,연차를 마음대로 사용할수 있고 삼시세끼 다양한 식단을 무료로 제공해주며 여러 업무 기회도 많음,비효율적인 자료작성이 여전히 있으며 협업하는 분위기가 아니라 떠넘기려는 성향이 강함,수평적인 문화와 업무 절차에 대해 명확하고 비효율적인 부분을 제거해주었으면 더 좋을 것 같음,추천,비슷,0
2022.03,4,생산관리/품질관리,현직원,3,5,2,3,4,월급날 급여 부분을보면 만족한다성과금 터질때 통장을 보면 기분이 좋아진다,돈을 많이 주는데에는 이유가 있다잦은 야근에 주말에 전화까지 개인시간 보장은 힘들다,업무 분산화를 통해 업무량 개선을 해줬으면 좋겠습니다퇴근후에는 쉬고싶어요,추천,비슷,0
2022.03,4,생산/제조,전직원,4,4,4,4,4,복지와 삼성의 계열사혜택 좋은급여 인식이 좋아 탑기업 이유가잇다,일을 오래해보지 않앗지만 단점은 크게없는듯햇다 부서마다 다르겠지만 서로간의 소통이 부족햇다,직원들의 불만이 잇을시 적극수용하고 해결햇으면 하는 바램이잇다,추천,성장,0
2022.03,4,생산/제조,현직원,2,4,3,4,3,직급이 없어져서 직급에따른 제약이 많이 없어진느낌..?,옛날 문화많고 사람이 많아서그런지 꼰대도 많이보임..직장내 정치 많음,1등 기업인만큼 1등 대우를 해줬으면 하는 바램이 있어요,추천,성장,0
2022.03,4,생산/제조,현직원,3,5,4,3,3,돈과 돈 그리고 돈. 의료비 지원. 그 이외엔 딱히..? 이직하기 늦은 선배들은 포기했고 젊은 동기들은 다들 이직 고민만 한다,누가누가 책임 잘 떠넘기나로 성과가 결정된다. 평사원에 비해 임원 연봉이 너무 높다,현실을 깨닫고 현실적인 목표를 세웠으면 좋겠습니다...,추천,비슷,0
2022.03,5,생산/제조,현직원,5,5,5,5,5,연차를 아무 눈치 안보고 쓸 수 있다는 장점이 있습니다. 또한 자기계발비가 지원되어 꾸준한 발전이 가능합니다.,기업한줄평에 기재해놨듯이 급여가 많은 대신 업무강도가 쌥니다. 또한 교대근무로 인해 생활패턴이 깨집니다.,교대근무 형식을 4조 2교대로 바꾸었으면 합니다.,추천,성장,0
2022.03,3,마케팅/시장조사,전직원,4,4,2,2,2,새로운 도전에 대한 기회가 많다. 직종변경에 대한 기회도 많다.,지금은 많이 줄었지만 막말하는 선배 상사 임원이 좀 있다.일도 많다.,보너스 많이 준다고 다가 아니니 워라벨좀 신경써주세요.,추천,성장,0
2022.03,5,기획/경영,현직원,3,4,4,4,4,사무실 분위기 매우 좋고 인턴이라고 잘대우해줌 기업에서 대우를 잘해줌,작업량이 확실히 많고 야근도 잦다 또 해야할일이 아주 많은 편이다,젊은 세대들로 교체가 되어서 긍정적인 영향력이 많이 끼쳐졌으면 좋겠다,비추천,성장,0
2022.03,3,마케팅/시장조사,현직원,3,4,3,2,2,국내 대기업 중 최상위 연봉 (단 특정 사업부 기준) 글로벌 네임 밸류 다니는 회사에 대한 쓸데없는 부연 설명 필요없음,보고를 위한 보고에 의한 회사. 개인의 역량 및 전문성을 키우고 싶다면 하루빨리 다른곳을 알아보는게 현명할수도.,진정한 글로벌 기업으로 도약하기 위해서는 글로벌 경영 마인드셋 필요. 더이상 한국식 수직적 경영은 회사가 나아가야할 방향과 맞지 않을 수도,비추천,비슷,0
2022.03,5,생산/제조,전직원,5,5,3,3,3,장점은 삼성 이라는 네임밸류 솔직히 주변에서  삼성을 다닌다고 했을 때 뿌듯함이 있음그리고 일한만큼의 돈을 줌 2년 다니고 5천모아서 퇴사했었음 덕분에 학자금 대출없이 학교를 졸업할수 있었음,너무 일이 많고 힘듦.. 어떻게 돈을 5천을 모았냐면 주말 특근 다뛰고 하느라 그당시엔 돈을 쓸려고 해도 쓸 시간이 없었고 그냥 먹는거 먹고싶은거 먹는게 인생의 낙이었음 그래서 살이 찜 .. 아주큰 단점  돈을 쓸시간을 줘야 돈을 쓰지 나를 굴리느라 바쁨,주식이 내려가서 올라갔으면 좋겠다.. 그리고 반장들도  사원들이 인사평가가 가능하면 좋겠다 위에서만 평가하니까 아무리 사원들 사이 평판 안좋아도 위쪽에 사바사바 잘하면 승승장구 함... 그런데 이건 몇년전 이야기라서 지금은 바뀌었을 지도,추천,성장,0
2022.03,5,연구개발,전직원,3,5,3,5,5,시스템이 잘 되어 있고 각종 복지가 상당히 좋습니다. 보너스도 두둑하고요. 교육/자기개발의 기회도 많습니다. 첫 직장으로서 더할나위 없이 좋은 곳.,연구직으로 입사하려면 최소 석사 가능한 한 박사학위를 따실 것을 추천 드립니다. 수석연구원 급은 제가 본 분들 전원 박사입니다. 회사 다니면서 학술연수로 석박을 따는 길도 있지만 매우 어렵습니다.,제가 입사하고 퇴사할 때까지 정말 많은 부분이 바뀌었습니다. 회식문화가 사라졌고 흡연구역이 폐지됐고 회사밥이 세끼 무료로 바꼈고 금연 켐페인을 강력하게 추진해서 흡연자들을 서류상으로는 제로로 만들었죠. 정말 여러가지 의미에서 굉장한 기업입니다. 앞으로도 계속 혁신하는 모습 보여주시길 기대합니다.,추천,성장,0
2022.03,5,연구개발,현직원,5,5,5,5,5,자기개발 비용 지원이나 의료비 혜택 뿐만 아니라 식당이 있어 밥걱정 없음.,신입 초임이 그렇게 높지 않고 생각보다 실 수령액은 적음,세계 1위를 향해 비메모리반도체에서도 큰 활약이 필요할 것 같음,추천,성장,0
2022.03,4,인사/총무,전직원,4,5,3,4,4,밥이 맛있습니다 기업 규모답게 복지가 매우 좋습니다. 자기계발하기 좋습니다. 업무를 다양하게 배울 수 있어서 좋습니다.,임금이 높은만큼 업무책임도 큰것은 당연합니다. 워라밸을 중요시하면 고려해보시는것도.,더 많은 분야의 사업을 진행하는것도 좋은것 같습니다.,추천,성장,0
2022.03,3,개발,현직원,4,4,3,3,3,물가 상승률을 고려한 연봉 상승 보너스를 포함하면 적절한 급여 수준 수평적이려고 하는 기업 문화식당 밥 맛있음 의료비 복지 삼성병원 건강검진 자율출퇴근,다른 회사의 급여수준을 꾸역꾸역 맞춰주지만 탑티어 인재를 잡을 수 있는 수준인지는 모르겠음.전체 보상에서 성과급의 비중이 너무 큼,정말 미래를 보고 회사를 이끌어가실 분은 누구인가요? 현명하고 통찰력 있는 판단이 필요한 때입니다.,추천,비슷,0
2022.03,4,생산/제조,전직원,3,4,3,3,3,연차를 눈치 보지 않고 사용할수 있음 수평적인 분위기복지가 많다,단순 보고를 위한 문서작업이 많다. 복지는 많지만 쓸수가 없다.,앞으로도 이런 문화가 이루어 질수있도록 개선해 나아가쓰면 합니다.,추천,비슷,0
2022.03,5,개발,전직원,5,5,5,5,5,생각보다 엔지니어들을 위한 편한 환경. 자율 복장 및 자유로운 근무시간. 팀들도 화목한 분위기에 능력 많은 사람들이 많다.,본업무 외에도 리더쉽에 보여줘야하는 사이드 업무가 많음. 멀티테스킹을 많이 해야됨. 협력사들과 자료 공개가 안됨.,보여주기식의 업무를 줄이면 본업무에 효율이 조금 더 올라갈 것 입니다. 조금 더 밀레니얼과 MZ세대를 위한 기업이 되어주세요!,추천,성장,0
2022.03,4,마케팅/시장조사,전직원,3,5,2,4,3,연봉은 업계 최고라고 해도 과언이 아님. 다양한 자기 계발 비용 지원함. 대기업이라 부서 내 분위기가 굉장히 딱딱할 거라고 생각할 수 있지만 의외로 그렇지 않음. 시장 조사와 기획 등의 단계에서 직책 상관없이 자유롭게 의견 피력 가능.,퇴근 시간이 일정하지 않음. 대놓고 눈치 주는 분위기는 아니지만 직원 대부분이 정시에 퇴근하지 않아서 은근히 신경 쓰임. 앞서 말한 기획 단계에서도 자유로운 의견 타진이 가능하다고 적었지만 결국 윗사람들의 기호에 따라서 결정되는 경우가 허다함.,새로운 시도보다 검증된 마케팅만 선호하는 자세를 버렸으면. 본인들에게 낯설다고 다른 사람에게 먹히지 않을 감성이란 보장은 없으니까. 자꾸 다른 회사를 모방한다는 이야기가 안 들리게 과감히 추진하자. 그리고 복지 비용 사용할 시간을 넉넉히 보장하기.,비추천,비슷,0
2022.03,4,생산관리/품질관리,현직원,3,4,3,3,2,Ps가 연봉에 따른 퍼센티지로 나오기 때문에 수혈 받고 일할 수 잇음,보고에 보고에..보고 보고서 머신을 좋아함 관리자급이 많기에..,경영진의 말한마디 결정이 밑에 일하는 직원들에게 얼마나 큰 파급효과가 있는지 알아야함. 신중한 의사결정이 필요,비추천,비슷,0
2022.03,4,개발,전직원,4,5,3,5,5,연봉 복지가 좋고 시설도 좋고 다 마음에 듭니다.다들 오고 싶어하는 회사입니다.,워라밸을 가장 중요하게 생각한다면 약간 힘들 수도 있습니다.,조금 수직적인 시스템이 있지만 이것 또한 조금씩 개선되고 있습니다.,추천,성장,0
2022.03,4,연구개발,전직원,3,5,4,4,4,식대 지원에 차량 지원 등 복지가 좋다출퇴근길에 회사 버스를 타고 출퇴근 가능,야근이 꽤 있는 편이고   상사 눈치가 보일때가 있다,바라는 점이 막 크게 있지는 않다신입들이 눈치 안보고 할일 할 수 있게 하면 좋을듯 하다,추천,성장,0
2022.03,3,생산/제조,현직원,3,4,2,3,3,PS가 잘 나오면 기분은 좋은 회사 PS가 안 나오면 아무것도 아닌 회사 복지는 좋고 밥이 맛있다는 장점이 있음,돈 주는 만큼 갈리는 회사 워라밸을 찾는다면 부서에 대한 정보를 조금이라도 알고 오기,회사가 너무 거대해서 경영진에게 바랄 게 딱히 없음 그냥 규모대로 굴러가는 회사,추천,비슷,1
2022.03,5,서비스/고객지원,전직원,3,3,3,3,3,회사에 대한 자부심은 있지만 그것도 그닥...나중에는 별생각 안듬,뭔가 모를 분위기가 좀 압박적이고 눈치를 보게 됨 근데 이건 사바사인듯,업무가 효율적으로 잘 돌아갈수있게 관리 잘해주시길 바랍니다,비추천,비슷,0
2022.03,3,인사/총무,현직원,3,4,3,2,2,연봉이나 복지가 좋고 시설이 좋음. 셔틀버스 매우 잘 되어 있음.,글로벌 기업임에도 기업 문화 상당히 보수적이고 경직되어 있음. 많이 좋아진 거라고 하는데 국내 대기업의 한계를 그대로 가지고 있음.,기업 문화 아무리 바꾸려고 노력해도 윗사람들의 마인드가 절대 바뀌지 않기 때문에 경직된 문화가 바뀌기란 어려울 것으로 보임.,비추천,비슷,0
2022.03,3,엔지니어링,현직원,3,3,3,3,3,복지 연봉 은 최고 자부심 최고워라밸은 글쎄 ㅋㅋ성과급 좋음,일이 많아서 쉬기가 힘듬 이직한 이유임그외엔 딱히 없음,신규 사업추진에 적극적으로 참여바람성과급 더주십쇼,추천,성장,0
2022.03,4,마케팅/시장조사,전직원,4,4,4,4,4,열심히 일하는 능력있는 사람들에 한해 꿈의 직장이라고 할만합니다. 최상의 복지.,업무가 과중한감이 없지않아 있으며 내부의 경쟁도 상당히 치열합니다. 딱히 단점이라고 할만한점은 없습니다.,너무 군대적이고 수직적인 시스템을 조금이라도 줄여주시면 갑사드리겠습니다.,추천,비슷,0
2022.03,3,디자인,현직원,3,5,4,4,1,PS가 잘나오는 사업부에 가면 인센 포함 시 상당히 만족스러운 급여수준과 그럭저럭 나쁘지 않은 워라밸 즐길 수 있음 소소한 복지가 많고 마음만 먹으면 돈 모으기 정말정말 좋은 시스템 영리한 사람 많아서 디자이너로서 말고 직장인으로서 똑부리지게 사는 법을 배우거나 가족들과 시간 보내기 좋음. 덜 치열하고 돈 걱정은 덜하기에 사람들은 대체로 둥글고 유하다.,조직이 정체되어있어 성장이 상당히 어렵다. 또한 제조사이므로 IT회사같은 기획-개발-디자인의 린한 프로세스 기대하면 안됨. 보안시스템때문에 뭐든 답답하고 느림. 시장 성숙기의 회사이기에 재무인사마케팅 등 조직이 월등히 파워가 쎄 그들의 입김에 휘둘리기 쉽다. 사람이 많다보니 인사가 주먹구구로 현업 배치/인력 이동을 시키며 좋은 사람들도 많지만 얘가 왜 여기있지? 싶은 사람도 많음. 살아남으려면 내가 알아서 현직자들을 만나서 정보를 얻어야 함. 조직 잘못걸리면 비즈니스 임팩트는 커녕 UXUI가 뭔지도 잘 모르는 듯한 꼰대들과 일해야 함.,무겁고 경직된 조직 스텝부서 위주로 돌아가는 체질 개선 안하면 미래 없음,추천,비슷,3
2022.03,5,인사/총무,전직원,3,5,3,5,5,1. 밥 최고2. 셔틀 최고3. 사내 부속 모든 시설 최고4. 유연근무제,1. 사람들이 많아서 간혹 안좋은 사람들이 많음2. 일 일 일 일이무지하게 많음,없습니다 우리나라 최고의 기업답게 잘 있다갑니다,추천,성장,0
2022.03,1,연구개발,현직원,2,4,1,2,1,네임밸류가 가장 큰 장점연봉 복지도 괜찮다돈 많이 주는 글로벌 기업,장점 빼고 다 단점미친듯한 수직 문화군대다 어쩔 수 없다경영진이 원하는건 그렇게 되어야 한다실제 그게 정상 동작이 아니더라도,바라는 점을 정말 많이 썼지만 포기하기 충분한 시간이었다. 어짜피 그런 곳이다.,비추천,-,0
2022.03,5,서비스/고객지원,전직원,5,4,4,3,5,체계적인 교육 시스템이 잘 갖추어져있으며 다양한 협력이 가능하다.,복지 제도가 나에게는 크지 않았지만 다른 직원들은 잘 사옹하는듯했다.,앞으로도 많은 채용 공고가 올라와서 다양한 직무들을 겅험하고싶다,추천,성장,0
2022.03,5,개발,전직원,5,5,5,5,5,1.자기개발 가능하고 개인 시간 확보 가능 복비도 좋습니다,당연히 많은 업무량 이겠죠 다른건 딱히 없는거 같네여 단점은 딱히 없어요,앞에서도 말했지만 단점도 없기때문에 원하는점이 없네요 ㅋㅋ,추천,성장,0
2022.03,4,연구개발,전직원,5,4,3,4,3,글로벌 인지도가 압도적이며 지속 성장하는 회사. 옛날에 비하면 주52시간제 덕분에 워라밸 많이 좋아진 듯ㅋㅋ,많이 좋아졌다곤 하지만 빡세긴 여전히 빡세다. 똑똑한 사람들과 경쟁해야 하는 건 긴장의 끈을 놓지 않도록 해주니 단점은 아닌건가.,새로운 먹거리를 찾아야 하지 않을까요,추천,성장,0
2022.03,5,금융/재무,전직원,5,5,1,3,3,연봉이 많음 복지좋음 더 배워서 나갈수 있음 인맥,연봉이 많지만 그만큼 일을 빡세게 한다는 점은 단점. 시즌 때는 거의 못쉼,솔직히 삼성인데 뭘더바래요 대한민국 최고인데요 근데 빡시게 하는건 좀 .. 줄엇으면,추천,성장,0
2022.03,4,개발,전직원,4,4,3,3,2,시스템이 잘되어있고 복지도 좋음. 개발자 수준도 상당함,새로운걸 하기 어렵고 정해져 내려오는 미션을 잘해야함. 한가지 도메인만 20년씩 한 사람들이 많기 때문에 경직되어있더는 누낌도 받음,소프트웨어 인력의 시장 상황이 많이 바뀌었으므로 그것을 고려해야할듯,추천,-,0
2022.03,5,전문직,전직원,4,4,5,5,3,체계적이고 사람들이 전반적으로 매너가 있으며 분위기가 부서마다 조금씩 다르겠지만 제가 있었던 곳은 좋았습니다.,요즘에는 많이 나아졌다고 들었지만 당시에는 보고를 위한 보고가 많아서 통역도 비효율적인 통역을 하게 되는 경우가 종종 있었습니다.,회의를 좀 더 효율적으로 하고 하더라도 액션 아이템을 분명히 해서 하는 것이 좋을 것 같습니다.,추천,성장,0
2022.03,5,영업/제휴,현직원,4,5,5,5,5,복지와 임금이 역시 삼성이 삼성했다계약직이라 다 누리지 못했는데도 좋았음,생각보다 아날로그식으로 처리하는 업무가 있어서 이해가 안되었음.. 그리고 소통이 잘 안되고 업무떠넘기는게 일상이라 한번에 처리안된적 많음,변동사항이 있으면 공지를 잘해주었으면 좋겠음일이 터지고나서야 알게 되니 효율이 떨어짐,추천,성장,0
2022.03,3,생산/제조,전직원,3,3,4,3,4,연차를 마음껏 쓸수있다 엄무가 체계정으로 되어있고 하루하루 회사가는것이 즐겁습니ㄷ 아주 좋습니다,야근이많다 회식이 많다 매일 해야할 일이 많다 업무가 많다 새로운 업무가 많다 적응이필요하다,복지가부족하다 복지를 늘려줬으면 좋겠다 앞으로 발전가능성을 지원에게 보여주면 좋겠다,추천,성장,1
2022.03,4,연구개발,현직원,4,4,3,4,4,자율출퇴근마음대로 출근해서 시간만채우고 퇴근하면되지만업무가 점점 많이져서 자연스럽게 칼퇴못함,최고기업이지만 연봉은 최고가 아니다.늘항상 하이닉스보다 많이준다고 언플하지만 아직 모르겠음,연봉인상 및 처우에대한 개선?솔직히 연봉말고는 나머지는 괜찮아서 딱히 바라는점이 없음,추천,성장,0
2022.03,4,연구개발,현직원,3,3,3,4,1,국내 1위 기업답게 기본적인 복지는 잘되어 있습니다.,기본 연봉이 낮고 포괄임금제를 하고 있습니다. 성과금을 못받는 경우 중견기업 수준이다,임직원이 미래라는 관점으로 임직원 경쟁력 강화에 힘써야한다.,추천,비슷,0
2022.03,5,연구개발,현직원,4,4,5,5,4,문화가 유연하며 수평적인 편입니다. 워낙 큰 기업이기 때문에 정말 다양한 사람들이 모여있고 일 잘하는 사람들도 많이 있습니다. 국내 최대 기업답게 시스템이 잘 갖추어져 있습니다.,제가 있는 부서 같은 경우는 역피라미드 구조가 심하여 젊은 사람이 적고 선배들은 대부분 현재에 안주하는 분들이 많으신 것 같습니다. 이런 경우에는 본인 스스로 동기부여해서 열심히 일하지 않으면 성장한다는 느낌을 받기 어려울 수도 있습니다.,경영진이 가지고 있는 장기적인 플랜을 직원들에게 공유하며 근로 의욕을 고취시켜주었으면 좋겠습니다.,추천,비슷,0
2022.03,3,금융/재무,전직원,4,3,1,2,1,나쁘지 않은 연봉(높다고는 못하겠음) 글로벌 기업이라는 자부심,경직적인 조직문화 및 꼰대들 직원 개인의 의견이 의사결정에 영향을 줄 일이 없음,자기 밥그룻만 챙기지 말고 회사의 미래를 위해 좀 일을 하기 바람,비추천,비슷,0
2022.03,5,생산/제조,전직원,3,5,2,3,4,높은연봉과 다양한 복지혜택이 있습니다. 연중 성과금은 재직률이 높악지지요,연차를 자유로이 쓸수없으며 인력 보충이 시급합니다.교대근무로인한 스트레스가 심합니다.,교대근무자들에게 배려가 있었으면 좋겠습니다 .주기적인 건강검진요청드립니다.,추천,성장,0
2022.03,4,개발,전직원,3,5,2,3,3,연차 크게 눈치없음 구내식당 좋음(밥 다양함 가격 쌈) 접근성 좋음,받는 만큼 아니 그 이상을 해야하며 함께 일하는 모두가 경쟁자,솔직히 뭘 바꿔달라고 말을 해야할지 모르겠네요.. 너무 다 잡혀있어서..,비추천,비슷,0
2022.03,4,생산관리/품질관리,전직원,4,4,4,4,4,업무량이 많으나 교육이 많아 의욕만 있다면 비용 부담없이 자기계발을 할 수 있다. 무료사원식당와 복지제도는 정말 최고!,업무량이 많아 워라밸을 맞추기 어려웠다. 자기계발 부분도 욕심이 있었기때문에 하루에 4시간씩자고 일 공부 운동을 하기도함,평가제도에 대한 불만. 리더급과 친한 사람들이 인사고과를 잘받는 걸 많이 봄 ㅎ,추천,성장,0
2022.03,4,개발,현직원,4,5,4,4,3,최고의 복지. 평균 이상의 연봉. 주변의 시선과 대우. 프라이드를 가지며 일할 수 있음.,딱딱한 문화. 자유롭고 수평적인 기업을 따라하려고 노력하지만 항상 잘 되진 않음. 부서별 편차가 심해서 회사 내부에서는 눈치보이거나 차별받는 느낌이 들 수 있음,모든걸 다 하려 하지 않아도 괜찮습니다. 좀 더 적극적인 자세로 최고를 추구했으면 좋겠습니다.,추천,성장,0
2022.02,4,유통/무역,현직원,3,4,4,4,3,사내 식당에서 3식 지원 셔틀버스 지원 유연근무제 연차 자유롭게씀 재택근무 가능. 글로벌한 업무 경험 가능. 업무 체계가 잘 잡혀있음.,연봉 상승률이 낮음. 직원 개개인의 역량을 고려하기보다는 필요한 곳에 테트리스하듯 직원을 끼워맞추기때문에 전문성 향상 기대 불가. 부서간 워라밸 편차가 심함.,합리적인 보상 체계 마련. 개개인의 역량을 살릴 수 있도록 개인의 의사/역량에 따른 자유로운 전배기회 부여.,추천,비슷,0
2022.02,4,생산/제조,전직원,4,4,4,4,3,대기업인 만큼 복지 혜택이 많으며 평생직장으로 삼을수 있고 배울점이 많습니다.,어디 기업이든  자신의 일에 대해서 책임을 지게 대고 잘못하였을 경우 상사의 눈치가 보인다,대기업 인 만큼 혜택과 환경요건 이 좋습니다.앞으로도 더 나은 환경 이 될수있게 힘써주세요,비추천,성장,0
2022.02,4,마케팅/시장조사,전직원,4,4,4,4,4,스마트한 사람들 주위에서 많은 부분들을 배울 수 있다.가끔은 시스템화된 비효율적인 업무 과정들을 거쳐야 한다.,의미없는 업무들이 너무 많다.보고를 위한 보여주기식 업무들이 있다.해당 부분만 해결하면 좋을 것 같다,딱히 없다.다들 바쁘니 조금씩만 배려해주면 좋을 것 같다.,추천,성장,0
2022.02,4,금융/재무,현직원,3,3,4,4,4,연차 나름 자유롭게? 사용 가능. 업무 분담 확실하고 인간관계로 스트레스 받을 일 적음. 자유로운 분위기.,일 많음.. 일이 너무 많음. 업무분담이 확실한 만큼 다른사람들도 일이 이렇게 많나 싶을 정도..,형식적/ 의례적인 직원 복지 및 의견 수렴 말고 현실적으로 직원 의견 수렴 좀 해줬으면 ㅠ,추천,비슷,0
2022.02,3,생산/제조,전직원,3,3,3,5,3,돈과 복지가 큼 다만 부서별 부서장별 근무환경 차이가큼 부서장도 결국 경쟁 간에 살아남기 위해 쪼는거라 이해가되긴함,생산현장 특성상교대 근무 의 단점 이 있음 부서인원이 별로일 경우 힘듬부품비를 후려치고 엔지니어를 소모품으로 봄,생산에서  주는 엔지니어지 누구나 할수있는 모니터링하면서 쪼기만하는 여사원들 말만들어주고 견제가없으니 부조리가 끊이지 않음,추천,비슷,1
2022.02,4,디자인,전직원,2,4,3,3,3,복지 환경 모두 우수하며 글로벌기업에 다니는 프리미엄효과가있음. 성과급 기대되는 생활,아직까지 보수적인 측면이 많이 있음. 수직적인 분위기가 많이 없어졌지만 부서 마다 케바케. 자유로운 분위기 속에 나름 규율들은 까다로울때도있음,계속해서 글로벌기업 선두자리를 유지할수있게 미래를 위해 지속적인 비전 관리 유지해줏요,추천,성장,0
2022.02,5,디자인,전직원,3,5,5,5,5,직원을 배려해주는게느껴진다 특히 밥이나 기자재로 서운하게하지않는다,음.. 정규직이되는게 은근어렵다 그리고 입사후에 오래다니는 사람이 생각보다많지않아보였다,인턴들에게 더많은 정규직기회를 적극적으로주면좋을거같아용,추천,성장,0
2022.02,4,마케팅/시장조사,전직원,4,4,4,3,3,전세계 누구나 아는 회사이고 복지 좋음. 사내식당 밥이 맛있음.,반은 잘라도 되겠다 싶을 정도로 무능한 고인물이 많고 프로세스가 복잡한데 아무도 안 알려줌.,깨끗한물까지 오염시키는 고인물들을 없애거나 정수해줬으면 좋겠다.,추천,비슷,0
2022.02,4,미디어/홍보,전직원,3,5,5,2,2,연차 및 휴가 사용이 자유롭습니다. 다만 인사 평가는 본인의 몫입니다.,기본 업무 외 교육과 문서 절차가 많습니다. 퇴근은 하지만 집에서도 일합니다.,앞으로 더 큰 기업으로 성장해서 대한민국을 대표하는 회사로 성장해 주세요.,추천,성장,0
2022.02,4,엔지니어링,전직원,4,4,4,3,3,연차를 편하게 사용할수있고 자유로운 업무 환경이라서 편하게 다닐수있어요,복지제도 제도가 다양하지만 모두 누릴수 있는건 아닌거같아요,직원의 불만을 듣지만 말고 해결책을 마련해줬으면 좋겠습니다,추천,비슷,0
2022.02,5,금융/재무,전직원,5,5,5,5,5,연차사용 마음대로커리어쌓기 딱좋음평생직장하고 싶지만 쉽지는 않늠,단수보고가 너무 많다맨날 보고자료 만들고 수정하고 만들고 수정하고하다보면 야근이 많아진다,지금처럼만 계속 성장하게 해주세요지금처럼 성장하면 최고죠,추천,성장,0
2022.02,3,연구개발,현직원,3,4,2,3,2,알지 못하는 복지가 많음. 복지를 다 누릴수 있다면 좋을거 같음.,그 복지를 누릴 시간을 안줌. 일을 시킴에 있어 상대방에 시간은 고려되지 않음,구호성 기업문화가 아닌 실제 임직원이 느끼도록 문화가 바뀌어야합니다.,추천,비슷,0
2022.02,3,생산관리/품질관리,현직원,3,5,2,4,3,높은 연봉 좋은 복지와 사내문화 부바부지만 워라벨도 챙길 수 있음 회사가 워낙 크다보니 천차만별.,고졸부터 대졸까지 비슷한 일을 한다 대부분 워라벨 챙길 수 없음. 느긋하게 일하고 싶은 사람에겐 비추천. 고과경쟁 심함.,경영진쪽에는 떡히 바라는 점이 없다. 사내문화 좋고 스펙경쟁 고과경쟁 등을 제외하면 꼰대문화도 적고 좋은 편.,추천,성장,0
2022.02,5,엔지니어링,현직원,3,4,3,3,2,윗사람 눈치안보고 자기일을 최대한 할수있어요.연봉도 높아요.,복지가않좋아요.휴가일도 적고 육아휴직도 눈치많이보게됩니다.,휴가일(하계휴가) 늘리고 육아휴직도 좀더 개선됫으면좋겟습니다.,비추천,비슷,0
2022.02,4,기획/경영,전직원,4,4,3,3,4,연봉이나 복지가 타 기업대비 만족스럽고 다양한 기회가 제공됨,보고를 위한 보고와 잦은 야근이 있으며 주말출근도 자주 있었음,우리나라를 대표하는 기업으로 계속 성장했으면 좋겠습니다.,추천,성장,0
2022.02,5,개발,현직원,5,5,5,5,5,연차를 윗 사람 눈치 안보고 사용가능합니다. 회사 복지도 다양합니다.,연봉은 많지만 그만큼 일이 많아 힘들다는 단점이있습니다.,직원들의 불만을 쉽게 얘기할수있는 환경이 됐으면 좋겠습니다.,추천,성장,0
2022.02,4,생산관리/품질관리,현직원,3,4,2,2,1,복지 종류가 많고 원천징수는 높은 편이지만 연봉이 낮은 편이어서   성과급에 기대게 된다근속연수가 그래도 긴 편이라서 회사에서 앞길을 만들 수 있지만 이 직은 어려운 편밥이 맛있고 아침 저녁을 밥을 주다 보니까식비에 대한 부담이 없고  먹는 것과 기본적인 사는 것에 대한 걱정은 없는 편,단순 보고 들이 엄청나게 많고 기업의 성과에 비해서 연봉이 낮은 편이며 경쟁사에 비해서도 연봉이 굉장히 낮은 편 또한 형들끼리 불알 만들어서 회사가 이득을 취하는 방식으로 산회에서 분쟁이 잦다 노조의 힘이 약해서회사에 뭔가를 바라면 안되고 회사가 뭔가를 해주기만을 기대하면서 다녀야 되서  꿈과희망은 없는 거 같다,시설에 대한 투자를 하는 만큼 직원들에 대한 투자가 많이 이뤄져서 기존 직원들의 이탈이 적어지고 복지가 확충되었으면 좋겠다 또한 업계 최고인 만큼 대우도 업계 최고가 되었음 좋겠음,비추천,-,0
2022.02,4,서비스/고객지원,전직원,3,4,4,3,2,식당이 너무 잘 되어있고 캠퍼스가 정말 예쁘게 잘되어있음 시스템 자체가 업계최고이다 보니 그런부분은 만족,생각보다 상사 반응이 빠르지않고 귀찮아함 사람마다 다르겠지만 상사가 좀 더 덜 꼰대스러웠으면 함,출퇴근이 좀 더 자유로우면 좋겠지만 어쩔수는 없다고 생각함..,추천,성장,0
2022.02,3,개발,현직원,3,5,1,1,1,좋은 연봉 수준페밀리넷 할인네임벨류.. 부모님이 좋아하싱,무의미한 야근S.lsi는 시스템화 되지못한부분이 많음. 거의 무한반복,부서간 벨런스 조율 필요할듯 내부 불만을 그냥 넘기다 보면 없어질 정도라고 간단히 생각하는 부분 개선필요,비추천,-,0
2022.02,4,연구개발,현직원,3,5,2,3,4,제조업치고 경기 남부 좋은 근무지좋은퀄리티의 식단 / 버스 주차장연봉,이 위에꺼를 다 무마시킬교대근무 및 변형교대(주말/야근/새벽출근 등),메모리와 파운드리간의 연봉 차이개발 리소스 투입을 많이해주셨으면 좋겠네요,비추천,-,0
2022.02,4,생산/제조,현직원,5,5,3,3,3,자율출퇴근제로 인한 유연근무가능Ps 만땅 시 국내제조기업 연봉 상위권?,단순 보고를 위한 피피티작성이 많음 간단히 보고해도되는것들도,직원들과의 소통이 필요합니다. 나우톡 5천건 넘어도 대답안해주는것은 보완필요,추천,성장,0
2022.02,3,생산/제조,현직원,3,4,2,2,3,성과급은 다른 회사에 비해서 잘줌밥도 맛있는 편이며 출퇴근 버스가 잘 되어있음,제조/기술 쪽은 워라밸이 좋지 않음 조직문화도 보수적이며 자유롭지 못함,제조/기술 쪽의 사람들에 대한 처우 개선이 좀 더 나아졌으면 좋겠고 분위기도 좀 바뀌었으면 좋겠음,비추천,비슷,0
2022.02,4,연구개발,전직원,3,5,3,3,3,잘 잡혀진 시스템 높은 연봉이 아무래도 회사의 최고 장점일 것 같습니다.또한 너 어디 다녀 라고 누가 물어보면 자신 있게 말할 수 있는 회사로서 자존감을 높여 줍니다.,오래된 회사이다 보니 시스템이 장점일 수도 있지만 단점이 되기도 합니다.딱딱한 문화 자신의 역량을 100% 발휘하기 힘든점은 확실한 단점입니다.,직원들과의 의견을 취합해 나가는 과정이 조금 더 많았으면 좋겠습니다.일방적인 의사결정이 필요한 순간도 있지만 너무 과하면 회사에 대한 오너쉽이 많이 사라지는 것 같습니다.,추천,성장,0
2022.02,3,금융/재무,전직원,4,4,1,2,2,연봉 높다 어디가면 회사이름 말했을때 있어 보인다. 복지포인트 및 자사 상품 구매 등 복지도 좋다.,숨막힐 정도의 업무 강도 사업부마다 다르지만 잘못걸리면 매주 2~3일은 새벽에간다,아래 직원들이 무슨일 하는지는 알아야 하는데 모르는 사람들이 너무 많다,비추천,성장,0
2022.02,4,생산/제조,현직원,3,5,3,3,3,뭐든지 중간이상 가고부모님이 좋아함돈 많이 줌멍청한 상사가 적음(이직 많이 해 봄),경쟁이 심함소리소문없이 없어진 선배들 어디 가 있는지 모르겠음,뻘짓하다 회사 망하게 하지말고계속 장사 잘 되게 노력하자,추천,비슷,0
2022.02,3,개발,전직원,3,5,5,4,3,워라밸 적지 않은 급여 및 복지 어디가서 챙피한 직장은 아님.,늘공 같은 파트장 그룹장들은 좀 짤려야하는데 늘 그자리들을 지키고 있음,늘공 같은 파트장 그룹장들은 좀 짤라야함. 그런데 그들도 어파치 계약직이라... 뭐..,추천,비슷,0
2022.02,4,연구개발,현직원,4,3,3,4,3,부바부지만 부서 사람들이 좋음회식이 일찍 끝남교육이 많음아침 점심 저녁 다 제공,연구소의 방향을 연구소답게 바로잡을 필요가 있다아주 윗사람의 말 한마디에 프로젝트가 바뀌거나 엎어짐 사원들끼리는 나름 수평적인 기업문화를 추구하려고 노력하고 있으나 임원들까지 포함하면 수직적임,임원들까지도 수평적인 기업문화가 되어서 실무자들의 의견들이 반영될 필요가 있음,추천,비슷,0
2022.02,3,생산/제조,현직원,3,2,2,1,1,어른들이 좋아한다.성과급을 포함하면 많이 받는편..열심히하는 사람들이 많아 본받고싶다,복지가 제조업 회사기준 별로임상명하복이 강하며 근무시간을 나래비를 세워서 압박을 줌포괄임금제 20시간 공짜노동 20시간,군대문화좀 없애주시고 업무량은 연차가 높을수록 많아야하는데왜 연차가 낮은 사람들이 더 많이 하는지 모르겠습니다주위 똑똑한 신입들도 줄줄이 퇴사중입니다,비추천,-,0
2022.02,4,유통/무역,전직원,4,5,3,3,4,대기업의 프로세스를 배울 수 있다.안정적이다. 주변의 똑똑한 동료들에게 배울게 많다,지금은 모르겠지만 보고를 위한 보고가 많아서 비효율적이었다,최고의 기업인데도 정체되지 않고 계속 성장하는 모습이 놀랍습니다.,추천,성장,0
2022.02,3,엔지니어링,현직원,3,3,3,4,3,밥을 잘 주고 건물이 크다. 회사 내 선별진료소도 있다.,성과 대비 직원들에게 돌아오는 이익이 적다. 공장 근무 시 재택 근무에 제약이 있다.,신규 사업 투자에 뒤쳐져 직원들의 대우를 소홀히하는 일이 없었으면 한다.,비추천,비슷,0
2022.02,5,연구개발,현직원,3,5,5,5,4,연차를 눈치 보지않고 쓸 수있음 최고의 자율출퇴근제 밥이 매우 맛있음.,생각보다 윗 분들의 압력이 세고 눈치를 많이 보아야한다.,페이퍼워크가 줄어들었으면 좋겠습니다..,추천,성장,0
2022.02,4,엔지니어링,현직원,4,3,3,3,4,1. 연봉이 많아 좋습니다.2. 위치가 정말 정말 좋습니다.3. 사람이 많아 동아리 활동이 재밌습니다.,1. 업무량이 너무 많습니다.2. 야근은 기본 항상 기본3. 주말에도 출근은 항상 기본입니다.,보너스좀 제대로 나눠주세요 제발승진 기회도 나눠서 여러명에게 나눠 주세요,비추천,성장,0
2022.02,3,엔지니어링,현직원,4,4,2,2,2,자출제가 있어서 개인업무 볼때는 확실히 편함급여는 최상 수준이고 복지도 좋음,보고를 위한 보고가 아직 많음데이터가 잘 맞는지는 항상 의문임,회의 최소화하겠다고 하는데 아직까지 와닿지 않음진짜 일할 수 있는 문화를 만들어주세요 다들 자료만들다 지쳐요,추천,비슷,0
2022.02,5,서비스/고객지원,전직원,5,5,5,5,5,복지가 좋음. 워라벨이 좋음. 인턴직한테도 복지혜택이 있었음.,CS부서다보니 진상고객이 와도 무조건 고객 말 들어주고 고객이 1순위인 느낌,직원들의 불만을 토대로 해결책 제시를 잘 해줬으면 좋겠음,추천,비슷,0
2022.02,2,연구개발,전직원,2,4,2,1,2,네임벨류영끌연봉이 친구들에 비해 높음상여금 및 복지관련 항목이 다양함,3교대 몸을 갈아서 돈을범일이 쉽지않고 아주많음꼰대문화 있음,연구개발에 더욱더 힘을 써주었으면 하는 바램이있음 또한 군대문화가 없어졌으면 하는 바램,추천,비슷,0
2022.02,4,엔지니어링,현직원,4,4,2,3,3,삼성전자는 돈많이주는게 장점. 메모리는 성과급잔치가능.,일빡셈. 사내구조가 빡셈. 사람이너무많음. 부품같은느낌많이드,파운드리 미래지향성캐놓고 차별많이주지마십쇼. 다들열심히하는데.,비추천,비슷,1
2022.02,4,개발,전직원,3,5,3,4,4,연차는 절대 눈치주지않습니다.바쁜시즌에 빡세게 일하고 비시즌에는 여유있게 틈틈히 휴가내면서 즐길 수있습니다,해외법인이 너무나 많은 관계로 해외출장이 너무 많습니다.해외 나가는거 좋아하시는 분은 적응하기 쉬우실 거예요.반대라면 많이 힘드실거라 생각합니다,지금까지 해온던대로 해도 나쁘지않아요.대한민국일등기업 글로벌에서도 삼성 직원으로서 자부심은 어느정도 느낄 수 있습니다.,추천,성장,0
2022.02,3,생산관리/품질관리,전직원,3,5,2,4,3,연봉은 당연. 대기업이다보니 복지나 휴가 체계는 아주 만족스러움. 교육도 배우고자 하는 의지만 있으면 꽤 잘 되어 있음,다들 퇴근을 못하고 있어서 눈치가 많이 보임.. 자연스럽게 나도 야근하게 되는 분위기,경영진과 크게 접점이 없다보니 따로 할 말도 없음.,추천,성장,0
2022.02,4,디자인,전직원,4,4,4,3,4,아침밥 점심밥 저녁밥 셔틀버스 있는것 이름이 유명한것 일이 많은것,생각보다 많지 않은 연봉 성과급꼰대가 많네요 말도잘 안통하는사람 많음연봉 딜 없음 그냥 아님말고였음… 깎고 입사 ㅠ,하드웨어 회사지만 소프트한 쪽도 가져가려고 하고있습니다. 삼성전자를 응원하고요 좀 더 유해지는 문화가 되었스면합니다.,추천,비슷,0
2022.02,3,엔지니어링,전직원,3,4,3,3,3,위에 말했듯 복지가 좋고 출퇴근이 자유롭고 윗사람의 눈치를 보지 않고 편안하게 연차를 사용할 수 있으며 보너스가 정말 많아요,단순보고를 위한 서류 작업이 많아 사실상 복지가 좋아도 사용하기가 쉽지 않으며 과장차장급이 진급하기가 어려워 하는 걸로 보이고 아무리 좋은 환경이라도 사람마다 생각하는게 다르기 때문에 퇴사하는 사람도 제법 있음,복지제도가 있아 없다 하는 것보다 중요한건 혜택을 누릴 수 있는가 그게 중요한 것 같아요 그런 정보는 어디에서도 듣기 힘들었습니다,추천,비슷,0
2022.02,3,개발,현직원,3,5,3,4,2,많이 알려져있다는점 및 보너스 많이터질때 연봉이 흐뭇합니다,자율출퇴근이라하지만 팀에따라 대부분 출근하는 시간대가 정해져있는것같다,새로운 시도는 그만하고 기존의 것을 더 보완해나가면 좋겠다,비추천,비슷,0
2022.02,4,엔지니어링,현직원,3,3,3,4,3,연차 아무때나 써도 가능 단 미리근무표짜기전 말해야함 유일단점,돈을 주는만큼 힘들다 하지만월급날에 금융치료가된다.그래서 기다린다,여름휴가 연차가없습니다 휴가를 늘려주시는것 외에는 만족입니다,추천,성장,0
2022.02,4,영업/제휴,현직원,5,4,4,4,3,연차 자유롭게 씀. 회식 참석 자유. 본인만 잘하면 워라밸 눈치 안보고 안줌. 일을 못하거나 느린 편이면 바쁨. 개인주의가 강하고 일만 제대로(완벽 잘하는 수준 아님)만 하면 간섭이 적음. 프로세스와 체계적인 구조에 의해 돌아가는 회사. 본인 자리서 평균이상 아웃풋을 내면 됨.,본인 업무를 제대로 못 챙기면 타인에게 피해가 되는 분위기. 일 처리가 잘 되지 않으면 눈치가 매우 보임. 능력자도 매우 많고 그만큼 프리라이더도 많음. 개인주의가 심해서 차가울 때도 있음. 본인일에 대한 책임은 전적으로 본인것. 프로세스와 체계적인 구조에 의해 돌아가는 회사라서 엄청난 능력자가 아닌 이상 대체자는 많음.,아직도 욕하고 막말 인신공격하는 경영진이 많음. 널리진 않았지만 찾기 쉬움. 인사 출신 탁상공론자들이 한자리씩 잘 차지함. 현장경험 직간접적으로 전무한 인사 출신 임원이 늘 주요보직에 있음.,추천,성장,0
2022.02,3,개발,현직원,3,3,2,2,1,누구나 알만한 회사 네임밸류 맛있고 다양한 메뉴를 제공하는 사내 식당 바쁘지 않을때 눈치보지 않고 쓸수있는 휴가,리더십 결정에 따른 잦은 의사결정 변경 여전한 성과 위주의 기업 문회로 워라밸 지킬 수 없음 글로벌 비지니스를 하다보니 부서에 따라 각 법인 대응때문에 새벽에도 메신저나 전화 오고 퇴근 후에도 업무 대응해야 함. 특정 시즌(신제품 출시)에 과도하게 집중되는 업무,잦은 의사결정 변경을 하지 않았으면 함 사원들의 의식은 변하는데 경영진은 여전히 옛날사람이라 괴리가 있음 경영진도 직원들의 워라밸을 고민해봐야 함.,비추천,비슷,0
2022.02,3,개발,전직원,2,3,1,1,1,ps를 포함하면 그때의 연봉은 꽤 높았습니다. 이직시에 삼성전자 출신이라는 점을 어필할 수 있습니다.,대기업 특유의 병폐가 많았습니다. 각자도생 분위기에서 누군가를 챙겨주거나 하지 않아요.,소프트웨어에 투자를 많이 하고는 있지만 단기적 성과만 추구하는 것 같습니다.,비추천,-,0
2022.02,3,디자인,전직원,2,5,5,5,5,휴가 쓰는게 자유롭고 야근 없고 자율근무제가 좋음. 구내 식당 밥도 퀄리티 좋고 편리함.,단점이라면.. 일을 하는 사람만 한다. 모두다 책임을 회피하려고 자기는 모른다 이런 식의 분들이 정말 많아서 답답했음. 1년 계약직이었지만 '경력'다운 경력을 쌓고 싶다면 피해야함.,CE부서에 잘있던 SMD들을 모바일 부서에 데려다가 뭘 하는 건지 답답하고.. 터무니 없는 수의 매장을 속된말로 '뺑이'치게 하는게 무슨 소용인지... 잘 모르겠고 지금도 고생하고 있을 다른 분들 생각에 맘이 짠해요.,비추천,비슷,0
2022.02,5,생산/제조,전직원,5,5,5,5,5,개발자가 대우받으며 일할수있는곳 대기업에 맞게 복지가 좋음,몸쓰는 일은똑같기때문에 굳이 뽑자면  몸이피로함 그이상그이하도아님,경영진에 바라는점은 딱히없음 2년동안 부딪히는 일이없엇음,추천,비슷,0
2022.02,5,생산/제조,현직원,5,5,5,5,5,자기 계발 비용을 지원해준다. 업무 분담 체계가 확실하다.,월급은 많지만 3교대 업무라서 그만큼 몸이 힘들고 지친다.,남자 여자 비율을 비슷하게 했으면 좋겠다. 지금처럼 열심히 회사를 운영해주세요.,추천,성장,0
2022.02,4,연구개발,전직원,3,5,2,4,3,동종업계 대비 높은 급여+성과급의료비지원&세끼식사 무료 등 훌륭한 복지,ㅣ표면적으로는 좋은 워라밸을 표방하나 업무량이 많아 실질적으로 야근이 강제됨,인력충원 많이 하셔서 직원들 업무강도를 좀 줄여주기 바람,추천,성장,0
2022.02,5,생산관리/품질관리,현직원,3,5,4,4,3,다양한 복지 혜택과 불규칙적이기는 하지만 많은 양의 보너스가 가장 큰 장점.,기흥/화성/평택사업장에서 근무하기 때문에 서울에서 근무하는 사람은 회사 셔틀버스를 이용하더라도 출퇴근에 많은 시간을 사용합니다.,회사의 주요 공지사항을 뉴스를 통해서 먼저 접하지 않고 임직원들에게 먼저 투명하게 공지해주는 점이 필요할 듯 싶습니다.,추천,성장,0
2022.02,5,생산관리/품질관리,전직원,5,5,1,3,3,연차 자율 시간선탣근무제.  좋은사람들. 상위복지 많은수당연봉,업무량이 많아 쳐내도 끝이 없음. 불가능한 수준도 어떻게든 해결해야함,업무개선이 필요한부분도 적극적으로 반영해주셨으면 좋겠습니다,추천,성장,0
2022.02,5,연구개발,현직원,4,5,5,5,2,자출제가 너무 좋고 어느정도 눈치안보고 회사 생활 가능. 식당 밥 굿.,hw중심의 회사라 아직도 sw개발자들에 대한 처우나 인정이 미비,sw중심 서비스를 지속해서 투자하고 사업화 하길 바람.,추천,성장,0
2022.02,5,생산/제조,현직원,5,4,3,4,4,업무환경과 강도가 어렵지않고 직원들도 잘해줌 근데 부서by부서여서 운이좋아야함,반도체 기준 하이닉스보다 복지나 업무가 힘든거같음,반도체 사업 조금더 키워주세요 성과급 더주세요,추천,성장,1
2022.02,3,서비스/고객지원,전직원,3,3,3,3,3,대기업이라 그런지 알바에게도 지원이 괜찮다.적당히 일하기 좋다,알바 그 이상으론 노릴 수 없다.까다로운 사람들이 걸리면 힘들다,딱히 없다 진짜 딱히 없는데 알바만 뽑지말고 정규직을 늘려달라?,추천,비슷,1
2022.02,5,기획/경영,전직원,5,5,3,3,4,성장하는 기업에서 스마트한 사람들과 일할 수 있다는 점열심히 일한 만큼의 보상이 보장되는 회사,프리라이더들이 주변에 많이 있지만 감수할 만한 회사워낙 큰 회사여서 부품과 같은 느낌,잘 해오셨습니다. 앞으로도 더욱 성장해나가길 기원합니다.,추천,성장,0
2022.02,4,엔지니어링,전직원,3,5,2,4,4,연차 눈치 안보고 성과금 많이줌 식당밥도 잘나와서 식사시간기대됨,문서 작업이 많고 워라벨이 없다 하루하루 너무피곤하고 일이 많다,근무자의 워라벨을 개선해주시면 좋을것같습니다 또한 근무자의 작업이 한사람에게 몰려있어 개선필요,추천,성장,0
2022.02,4,기획/경영,전직원,4,4,5,5,3,역시 대한민국 갓기업 . 아시다시피 복지는 최고입니다.,불규칙한 퇴근 시간과 야근 .적응되면 할만합니다. 단점이야 장점으로 극복하는 것 .,직원들의 불만을 좀 더 수용하는 회사가 되길 바랍니다.,추천,성장,0
2022.02,5,엔지니어링,현직원,3,5,5,5,3,연차를 윗사람 눈치안보고 쓸수 있고 부서마다 분위기는 조금 다르지만 굉장히 자유로운 분위기임. 급여가 왠만한 수준까지 보장되고 어디가서 자랑스럽게 여기다닌다 말할수 있는 회사.,문서작업이 많음. 자율 출퇴근제가 존재하지만 직군에 따라 쓰지못하는 부서도 많음. 보통 9시이전에 무조건 출근해야함.사업부에 따른 성과급차이 존재함,파운드리 사업을 메모리로만 생각하지 않고 차별화된 대책이 필요하다고 생각함.,추천,성장,0
2022.02,4,금융/재무,전직원,3,3,3,3,3,연차 자유롭게 사용가능하며 자율출퇴근 제도가있어서 편리합니다!!!,회식이 자주 있었지만 강요는 없엇습니다대체적으로 좋은 기업이라고 생각합니다,복지제도를 좀 더 늘려주새요감사합니다!!!,추천,성장,0
2022.02,3,디자인,현직원,3,1,4,1,1, 나쁘지 않은 성과금- 삼시세끼 밥걱정 없고 메뉴가 다양함,삼성 타이틀만 보고 들어올 경우 매우실망할 수 있음- 어이없는 기본급....- 어이없는 복지.....- 어이없는 휴가수.....,업셰 1위 자부심을 지켜주세요. 어디가서 말하기 창피할 수준이라 말도 안함....,비추천,비슷,1
2022.02,3,생산/제조,전직원,2,4,3,1,2,큰 기업답게 복리후생 휴식 보장  노동자들을 부품이아닌 사람으로써 대우 해주는편  잔업도 자율선택이 가능.,그런 장점을 상쇄하는 사람들 꼰대들이 너무많다. 우리가 편한게 그들 눈에는 매우 불만족인거같다.,규율도 좋지만 적당한 자유는 작업의 향상을높인다,추천,성장,0
2022.02,3,기획/경영,전직원,3,5,3,3,4,식비 교통비 등등 다양한 복지를 제공하고 있으며 교육과 커리어개발에 대한 체계가 잘 잡혀있다.,제조업 기반이라 보수적이며 의사결정과정이 너무도 비효율적이다. 회사의 부속품임을 커리어내내 느끼게 된다.,좀 더 임직원들을 위한 문화를 가꿔줬으면 하지만 불가능할거라 기대도 안함,추천,성장,0
2022.02,4,연구개발,현직원,2,4,3,3,1,국내기업 중 상위권인 연봉수준. 연차 비교적 자유롭게 사용 가능. 대안처가 마땅하지 않아 이직 고민은 없는게 장점이자 단점.,기업이 벌어들이는 돈만큼 직원에게 돌아오지는 않음. 대외적으로 아주 좋은기업처럼 포장하지만 막상 내부에선 꼰대문화도 있고 서로 소통하며 자유로운 분위기는 아님. 노조/노사가 있으나 사측은 불통으로 일관함.,직원들과 소통하며 성과에 대한 결실을 제대로 나누었으면 좋겠음.,추천,성장,2
2022.02,1,생산/제조,현직원,3,4,1,5,1,연차사용의 자유로움 교대 근무시 적절한 월급 성과금 잘나온다면 괜찮은 연봉 밥 잘나옴,어떻게든 직원들에게 돈을 안줄려고 하며 단순히 숫자놀이에 빠져버린 회사로 미래기술이 어떤게 있는지 모르겠음. 교대근무를 하면 인간관계 포기해야됨,설비에만 투자할게 아니라 직원들에게도 투자를 하기 바라며 달성 가능한 목표를 세웠으면 좋겠음,비추천,-,0
2022.02,4,생산/제조,전직원,3,4,3,3,3,급여가 보장되며 다른 복지가 좋다. 클린공정으로 더러운 환경을 싫어하는 사람에게 좋다. 비교적 눈치를 적게보고 연차사용 가능하다.,교대근무에 의한 스트레스와 사람을 잘만나야한다. 방진복필수 착용이라 피부질환이있는 사람은 예민할 수 있다.,인원보충을 충분히 해주세요. 부서마다 업무량 차이가 상당합니다. 부족한 부분을 살펴주세요,추천,성장,0
2022.02,3,생산/제조,전직원,3,3,4,3,4,연차사용 자유 밥 잘나옴 출퇴근시간 보장되며 개인시간 쓸 시간있음,딱히 기업에 단점은 없고 돈 많이 받는만큼 일은 열심히 해야댐,요즘 경기가 좋지 않은데 임원분들 노력으로 인하여 안정감 있는 생활 유지,추천,성장,0
2022.02,4,개발,전직원,4,5,3,4,5,대기업이다 보니 급여 및 안정성 보장꼰대상사 몇몇빼곤 사람도 괜찮음,가끔 고지식한 상사들이 몇명 있음업무가 많아 피로도가 자주쌓임,직원들의 이야기를 적극 수용하여 앞으로 지속적인 발전을 하는 회사가 되길 바랍니다,추천,성장,0
2022.02,5,기획/경영,전직원,4,5,5,5,5,복지가 상당히 좋습니다.밥이 맛있으며 시스템이 잡혀있습니다.,인사고과로 인한 압박감이 없지 않으며개인별 역량 개발이 다소 필요합니다.,지금처럼 최고의 기업을 유지시켜주시면 감사하겠습니다.,추천,성장,0
2022.02,2,생산/제조,전직원,1,4,3,4,3,테이크아웃해서 음식 가져오는거 생활비 절감 좋음시설들이 대체적으로 깔끔,진급 누락 시 사람 취급 못받음고과권자 마음대로 고과주는데 진급 못하면 내 잘못이 되는 회사..,고졸 대졸 차별 없이 ps받도록 해주세요 같은 일 하는데 ps차이가 1000만원 넘게 나면 일할맛 나겠습니까..,비추천,비슷,0
2022.02,4,개발,현직원,4,5,3,5,2,회사 밥이 무료고 통근시스템이 매우 잘 되어있어 이동 시 편함,몸빵칠때가 많음. 포기를 몰라 고생하는 엔지니어들 갈려가는 분들이 많음.,안되는건 안되는 것. 군대도아니고 안되면 되게하라는 무식함,비추천,성장,0
2022.02,4,생산/제조,전직원,3,5,3,4,3,대기업이다보니 생산직이어도 복지 혜택을 받을수 있어 좋았습니다.,생산직이어서 돈은 많이 벌지만 몸은 죽어납니다젊을때 많이 벌고 싶은 사람만 추천합니다,일하는 환경을 좀 더 신경써주었으면 좋겠습니다,추천,성장,0
2022.02,3,연구개발,현직원,3,2,3,4,1,자율 출퇴근. 셔틀이 잘되어 있음. 식사 지원이 잘됨.,실적주의. 타사에 비해 딸리는 복지 및 급여. 높은 업무 강도,시설 투자만 하는 것이 아니라 사람에 대한 투자가 부족함,비추천,-,0
2022.02,4,영업/제휴,전직원,4,5,4,4,5,업계 최상위 수준의 복지와 업무적으로 훌륭한 역량을 갖춘 동료들과 일할 수 있어 업무를 하면서 배우고 성장할 수 있습니다.,사업부마다 성과급 편차가 커 해당 시즌이 오면 상대적인 박탈감을 느낍니다. 대졸 신입으로 입사하여 사업부가 정해지면 잡포스팅 외에는 사업부 변경이 사실상 불가하므로 첫 시작이 아주 중요합니다.,지금도 충분히 잘 하고 있다고 생각하므로 계속 응원을 보내고 싶습니다.,추천,성장,0
2022.02,5,연구개발,전직원,4,5,5,3,3,조직 문화가 좋음.연구개발을 하는 문화가 좋음.연차를 쓰기 좋음.,줄을 서는 문화가 있음. 줄을 잘못 서면 올라갈 수가 없음.일을 안 하는 사람들이 꽤 많음. 전염이 되는거 같음,현업에 관심을 가져주세요.여성이라서든 정치적인 사람만 올리지말고 실제로 일할 수 있는 사람이 임원이 되었으면 합니다.,추천,성장,0
2022.02,4,생산/제조,전직원,3,4,2,3,3,워낙 성과급도 잘 나오고 ..머슴도 대감집 머슴 하라는 말이 딱 맞는..일반 중소기업 갈 바에는 여기 가세요 갈수 있으면,조금만 실수해도 큰일나는 일이다보니 처음에 살짝 군기 잡는 문화는 있어요 근데 이해해요 어쩔수 없음 한 공정에서 실수나면 큰일나니깐,뭐 딱히 없습니다.. 지금처럼 성과급 꾸준히 잘 주시고 직원들 잘 케어해주세요 ㅎ,추천,성장,0
2022.02,4,마케팅/시장조사,현직원,3,4,3,4,3,복지 제도가 괜찮은 편입니다- 있는 제도는 원한다면 써먹을 수 있는 환경입니다- 대기업 치고는 (IT 업계의) 변화도 수용하려고 하는 방향입니다. (물론 속도는 느립니다만..),보고를 위한 보고 경직된 조직문화 근무 시간 등 대기업의 단점이 아직 존재합니다- 변화하는 중이긴 하나 개선이 더 필요할 것 같습니다-,Top down뿐 아니라 Bottom Up 의사결정과 커뮤니케이션 또한 조금 더 원활하게 되었으면 하는 바램입니다,추천,성장,0
2022.02,4,인사/총무,전직원,4,5,2,2,5,돈을 많이 준다. PS  PI  등 각종 보너스가 많이 나옴. 교육의 기회가 많음. 지역전문가 등 글로벌 역량 향상의 기회가 많음. 초첨단 업무 시스템,내부경쟁이 너무 치열함. 항상 긴장하며 지내야 함. 해야할 일이 너무 많음.,부하직원을 소모품이 아닌 인간으로 대우해 주셨으면 좋겠습니다.,추천,성장,0
2022.02,5,디자인,전직원,4,4,4,4,4,역시 보너스 월급 직원들에게 아낌없이 주는 다양한 혜택등이런것들이 이지않을까싶네요 후훗,일단 실력이 갖춰져야지만이 살아남고 많은 프로젝트를 요규하다보니 항시 머리속에 수많은 아이디어를 자ㅣㅣ가지고 있어탸함,좀더 많은 복지를 주는건 바라지않지만 지금이대로가 아닌 좀 더 발전 할수잇게 기회를 많이주세요,추천,비슷,0
2022.02,4,금융/재무,현직원,4,4,3,3,3,연봉 근속 생각보다 괜찮음회사가 커서 일이 영 안 맞으면 직무 바꿀 기회도 있음,근속이 괜찮다는 건 무능한 상사가 존재한다는 말일부 부서는 엄청난 직급 인플레,말이 되는 목표를 세우세요안 되는 거 시키다가 회사 말아먹는 것 좀 그만하세요적당히만 했어도 파운드리는 지금보다 훨씬 잘 했을 텐데 되도 않는 목표 밀어붙이다가 힘만빼고 이룬 게 없어 몇년째 제자리걸음,추천,성장,0
2022.02,3,개발,전직원,2,5,2,5,3,누구나 들어가고 싶어하는 회사로 국내 최고의 대우를 확신하는 전자회사임,겅쟁에서 되쳐지는 순간부터 소외되기 때문에 알게모르게 경쟁이 치열함,회사 분위기가 정치적이 되지 않도록 노력을 기울여 주세요,추천,성장,0
2022.02,4,엔지니어링,현직원,4,4,3,3,3,고졸 대졸 직급이 같은 업무를 함 밥이 확실히 다른업계보다 높은 수준으로 맛있음 이건 반박불가,국내 반도체 1위업계이지만  2위기업보다 임금이 적음 이거 말고는 딱히 단점을 못느끼겠음 있다면,각사업부마다 다른 특별 보너스에 대하여 말이 많은데 확실한 경영으 통해 메모리 사업부와 보너스에 대한 직원들의불만이 없었으면 함,추천,성장,0
2022.02,4,연구개발,전직원,4,4,3,4,4,부바부이지만 과거에 비해 상사와 토론을 할 수 있는 환경이 조금씩 형성되고 있으며 (물론 아닌 사람도 다수 있음) 연차 등도 자유롭게 쓸 수 있었음,대기업의 어쩔 수 없는 다수의 부서가 존재하는 상황으로 불필요한 문서작업 및 프로세스가 많았으며 이로 인해 개발지연 등을 방지하기 위해선 야근을 해야하는 상황이 자주 오곤 했었음,진행하는 프로젝트를 부서장이 바뀔때마다 바꾸는 것이 아닌 좀 지속적인 방향으로 끌고 나갈 수 있는 시스템을 구축하고자 노력했으면 좋겠음,추천,성장,0
2022.02,5,엔지니어링,현직원,4,5,5,4,3,대기업 중 비교적 높은 연봉 회사에 대한 주변 사람들의 좋은 인식 다양한 배움의 기회 제공,부서별로 업무강도가 천자만별 방진복 착용 시 매우 불편 연봉 때문에 정부의 혜택을 받지 못함,임직원간 원활한 의사소통이 필요합니다.,추천,성장,0
2022.02,5,연구개발,현직원,4,4,4,4,3,연차를 눈치안보고 쓸수 있으며 자기 분야에서의 교육을 자주 접할수 있음,연차가 타 기업에 비해 적음 포괄임금제에 20시간이 포함되어있음,직원들이 원하는 워라벨과 이기업에 다닌다는 자부심이 들수있도록 여러 지원 부탁드립니다.,추천,비슷,0
2022.02,4,생산관리/품질관리,현직원,3,2,2,2,2,밥 세끼 제공 출퇴근버스 있음기성세대에 아직 유효한 네임밸류,업무 하나를 하기 위한 절차에 그 절차를 위한 절차를 거치고 그 절차를 승인받는 절차를 거친 후 양식에 맞는 절차를 따라야 함,연봉 협상 이렇게 끌지? 무너질대로 무너진 애사심에 능력있는 애들은 주탤로 다 도망간다,비추천,-,0
2022.01,4,개발,현직원,3,4,4,4,2,인지도가 높다. 무슨기업인지 설명안해도 모두가 아는 기업.,생각보다 인지도에 비해 적절히 보상이뤄지지않는점. 밖에서 보았던 대기업이미지가 아닌점이 많음.,자기자리 보전을 위한 주먹구구결정이아닌 장기적 의사결정이 이뤄졌으면.,추천,비슷,0
2022.01,4,개발,현직원,3,5,4,3,3,엄청난 복지 혜택과1년차부터 쏟아지는 높은 수준의 급여로 요약된다. 반차가 필요없는 자율 출퇴근 제도 식사 무료 제공 (거의)정기적인 보너스 높은 인지도,대기업 특성상 불가피한 단점으로 프리라이더가 많다. 정말 힘들게 일해야하는 사람이 있는 반면 말도 안되게 여유로운 사람도 많다. 이 회사의 인사 처우는 한국에서 모두가 주목하고 있기 때문에 이런 프리라이더들을 강력하게 내칠 수도 없다. 다른 단점으로는 제조/생산에 특화된 엔지니어의 경우 이직하기 어려울 수 있다.,지금까지 회사가 지속 성장할 수 있었던  것은 자본을 기술 강화에 적극 투입하여 숙련 프리미엄을 통한 제조 경쟁력을 키웠기 때문이라고 생각한다. 그러나 현재에는 강력한 인재 한 명이 회사의 생산력을 좌우하는 시대를 살아가는 만큼 구시대적 기업 문화의 고질적인 문제점들을 체질 개선을 통해 해결해야한다고 생각한다. 연단위 성과 중심의 인사 평가 체계를 탈피하여 좀 더 거대한 프로젝트 단위의 평가 체계가 있어야 할 것이다.,추천,비슷,0
2022.01,3,생산/제조,전직원,3,3,2,2,2,자유로운 연차 사용 및 삼시세끼 식사제공 직원에게  주어지는 혜택 및 복지의 종류가 다양함 반도체 슈퍼싸이클 해당년도는 급여면에서는 일타임,부바부 성향이 심함 제조직군은 정시칼퇴 못하는것은 일상이며 직장 내 수평적인 분위기가 형성되지못하고 수직적인 분위기이며 설비엔지니어로써 불합리한 경험을 많이함..,개선할점이 많다.. 사내커뮤니티만해도 제조직군에 대한 불평불만글을 매년 끊이지않고 근무형태에도 상당한 개선점이 필요해보임.. 나오길 잘했다,비추천,비슷,0
2022.01,2,생산/제조,현직원,3,2,1,2,1,하루 세끼니 무료패밀리넷으로 가전 저렴하게 구매가능,회의 보고 숙제 자료취합이 매우 많고퇴근시간이 없으며안전하지 않은 작업의 연속.,책임감 있게 경영 바랍니다. 경영진들은 계약직이지만 직원들은 정규직입니다. 현재까지는 책임감은 직원이 더 많아서 회사걱정은 직원이 하는 느낌입니다. 경영진은 말로만 하지..,비추천,-,0
2022.01,5,개발,현직원,5,5,3,4,4,회사가 워낙 커서 부서마다 다르지만 자유로운 분위기 복지도 나쁘지 않은 편.,휴가에 인색하고 변화를 받아들이기에 너무 큰 조직이 되어버렸음. 시골에 있음,정규 휴가 휴직 제도/안식월 등의 리프레시 기회가 많으면 좋겠다.,추천,비슷,0
2022.01,4,유통/무역,전직원,2,5,1,2,3,다른 나라의 사람들과 경험을 공유하며 선진화된 시스템을 사용,가끔씩은 탑다운으로 이루어지는 의사소통이 어려움이 있었다,직원들의 다양한 이야기를 들어주고 반영 해주시면 더 좋을것 같습니다,추천,비슷,0
2022.01,4,미디어/홍보,전직원,4,4,3,4,3,이름값 좋은 네임벨류 있는 회사 돈을 많이준다. 상사를 잘 만나면 생각보다 괜찮다,워라벨이 부서간 차이가 심함 워라벨을 보장받고 싶으면 다른 회사를 알아보는 것도 괜찮을지도,내려찍기가 아니라 소총을 잘하고 혁신을 도모했으면 좋겠음,추천,비슷,0
2022.01,3,엔지니어링,전직원,3,3,3,3,3,연차를 미리 공유하면 눈치 안보고 쓸수있으며 복장에 대하여 자유로운  회사 분위기,단순 보고를 위한 회의가 많으며 그로인하여 회의록 작성 등 문서 작업이 많음,회의를 줄이며 보고를 진행 할 수 있는 효율적인 해결책을 마련해야함,비추천,비슷,0
2022.01,5,금융/재무,전직원,5,5,5,5,5,급여 최고 복지 최고 기업문화 최고 네임벨류 대한민국 최상어딜가나 인정받을 수 있음. 연차 사용 자유로움,치열한 경쟁 다른건 잘 모르겠음. 정년이 짧다 정도 그러나 급여 및 복지가 최고임,그냥 지금처럼 급여 복지 신경써주시고 유지만 해주세요 감사합니다,추천,성장,0
2022.01,5,개발,전직원,4,5,5,3,3,성과금이 잘나와서 연봉+성과금은 상당히 높은거같고 3끼식사 무료에 야근특근 수당까지 잘챙겨줌 글로벌 기업이라 해외 출장 경험도 가질수 있고 체류비도 추가로 지급,개발자로써 코딩에 올인할수 있는 환경이 아니기때문에 테크 스타트업과 비교했을때 커리어면에서는 떨어지는것 같음. 개발환경이 구식임,소프트웨어 개발자를 양성하기위해선 경영진이 소프트웨어 개발자 출신이어야되지 않을까요?,추천,성장,0
2022.01,1,생산/제조,전직원,1,2,2,2,3,대기업 답게 복지가 좋고 고졸 사원들이 다니기 좋은 회사,대기업의 단점을 모두 가진 회사. 임직원들과의 소통 부족,임직원들과의 소통을 더 해줬으면 좋겠음 불만이 많음,비추천,비슷,0
2022.01,4,개발,전직원,4,4,4,4,4,여러 복지혜택과 자유로운 연차 사용가능 회사내 군대 문화 없음 등등 여러가지 장점이 많은 회사이며 대한민국 1등 기업이다.,대부분의 기업이 마찬가지이지만 알바로 고용된 경우 기회가 한정적이고 너무 아쉽다.,직원들의 불만을 듣지만 말고 해결책을 제시해주셨으면 합니다.,추천,성장,0
2022.01,5,개발,전직원,5,5,5,5,5,사람들이 모두 좋은 이미지로 보고 성과금 연봉 모두 만족,업무이간 성과주의 출퇴근시간 그리고 자시의 역량이 많이 필요,자신의 성장할수있도록 도와주었으면 합니다 지금도 물론 좋습니다,추천,성장,0
2022.01,5,엔지니어링,전직원,5,5,5,5,5,수평적이고 연차 사용의 제약이 없다. 초임 임금 또한 업계에서 높은편. 복지몰 및 직원 복지가 잘되어 있어서 회사다니기가 편하다.,업무강도가 케바케 어느곳을 가느냐에 따라 다르지만 어떤 부서는 엄청 널널해서 칼퇴가 가능한 부서도 있고 어떤 부서는 일과내내 일만해야되는 부서도가 있음.,지금처럼 잘해주시고 한국을 빛내주세요. 임금도 좀 올려주시고요,추천,성장,0
2022.01,3,개발,현직원,3,4,4,3,2,자율출퇴근제를 눈치 없이 쓸수있으며 연차도 눈치 안보고 사용가능삼시세끼 지원 의료비 지원,많은 관리자가 있어 이것저것 요구사항이 수정되는 경우가 잦음워라밸은 많이 좋아졌지만 일부 개선되어야할점은 남아있음,회사를 제조업이라는 틀에만 갖춰져있을게 아니라 서비스 개발에 좀더 비중을 두어야할 필요가 있음,비추천,비슷,0
2022.01,4,유통/무역,현직원,3,4,4,2,2,패밀리넷으로 가전 싸게 구매 가능광역버스망으로 수도권 대부분에서 출퇴근 가능밥 잘나옴예상했던거보다 워라벨 괜춘,인구가 많다보니 보편적 복지가 후달린다주택자금 지원없고 의료비 제한적 지원 휴양소 당첨 어려움 등모두에게 적용되어야 하는 복지는 받기 어려움,이제 DX하고 결별하고 DS 독립합시다. 주가가 실적에 비해 너무 왜곡되있네요. 그리고 사지 는 경영권 간섭좀 그만할수 없나요,추천,비슷,0
2022.01,4,생산/제조,전직원,3,5,3,3,3,연봉이 다른 기업들에 비해 너무나도 만족스럽고 근무환경이 좋습니다,워라벨이 보장되지 않는다는게 가장큰 단점이라고 생각합니다,워라벨이 보장된다면 직원들도 만족할수 있는 더 좋은 기업이 될것같습니다,추천,성장,0
2022.01,4,생산관리/품질관리,전직원,3,5,3,4,2,큰 규모. 사람들의 인식. 네임 밸류. 복지. 급여. 등등등 삼성에 대해 대중들에 느끼는 대부분의 것들이 장점임,무한한 경쟁. 월급도 많이 주지만 일은 더 많음. 너무 큰 기업이라 회사가 돌아가는 큰 그림을 일반 직원들은 알기 힘든.,글로벌 1위를 꿈꾼다면 경영진들도 그에 걸맞는 사람이 되어야 할 것,추천,성장,0
2022.01,4,생산관리/품질관리,전직원,3,5,3,4,4,금융 치료가 확실하다. 근무 시간 및 초과 근무 시간에 관한 철저. 보안 철저. 밥 잘 줌. 회사 내 하나의 마을이나 다름이 없음,내가 속한 직무에서는 앞으로의 발전 가능성(미래)에 대해 고민할 수 밖에 없음. 오피스 교대 근무를 반복하는 삶....3년 뒤 5년 뒤 나는 뭐하고 있을까? 그냥 샐러리맨이 된 느낌.,직원들의 불만을 듣지만 말고 해결책으로 마련해줬으면 좋겠다,추천,비슷,0
2022.01,5,개발,전직원,5,5,5,5,5,복지와 보너스가 상당함. 가계 재원에 도움이 많이 됨.,성과 주의인 만큼 치열하게 일해야함. 돈 주는 만큼 일해야함.,비전을 함께 공유하고 앞으로 나아갔으면 좋겠습니다.,추천,성장,0
2022.01,4,인사/총무,전직원,3,4,4,4,4,연차를 윗사람 눈치 안보고쓸수있음 아침/점심/저녁 제공 휴가 눈치안보고 쓸수있음 (부서 바이 부서)업무 강도 높지 않음,셔틀이 있긴하지만 애매한 지역에 살면 셔틀 없으면 아무것도 할수 없음 행정 업무 담당자들이 너무 바빠서 연락이 잘 되지 않음,합리적인 보상 및 복지 체계를 만들어 줬으면 좋겠다,추천,비슷,0
2022.01,3,연구개발,현직원,3,3,3,3,2,업계 자체가 불황이 잘 없고성과금이 많아 원천징수에 유리,기본급이 낮다 이걸 성과급으로 매꿈sw커리어에 쌓길 어렵다.,sw의 경우 제조업의 한계가 확연히 보입니다타 it회사의 장점을 얻길바랍니다,추천,성장,0
2022.01,3,개발,현직원,3,4,3,3,3,회사가 절대 망할일이 없다. 복지제도가 다양하지만 주로 기혼자 위주,발전한다는 느낌이 들지 않을수 있다. 대기업인 만큼 일이 세분화되어 있다.,소프트웨어 직군의 실력향상을 위해 외부 교육 기회 확대,비추천,비슷,0
2022.01,4,연구개발,전직원,4,3,3,3,3,안정적인 연구개발 자잘한것에 구애받지않고 개발할 수 있다는 장점,업무의 범위가 매우 작아 나중에 이직하기가 어려울 수 있음,SoC 에 대한 포지션이 애매함. 아예 그만 두고 파운드리에 집중하던지 확실히 키우던지 결단이 필요해보임,추천,비슷,0
2022.01,3,생산/제조,전직원,3,2,3,4,3,연차를 눈치보지 않고 쓸수 있으며 직원들 복지가 좋습니다 직원들에 대한 지원이 많습니다,기계처럼 돌아가는 업무로 무료한 인생을 보낼 수 있습니다 돈도 돈이지만 일하다가 보면 현타가 옵니다,저는 매우 좋은 회사라고 생각합니다 앞으로도 좋은운영 부탁드립니다,추천,성장,0
2022.01,3,기획/경영,전직원,3,4,3,3,4,다른 기업에 비해 어느정도 보장되는 소득. 사내 식당. 피트니스. 병원. 정치를 잘하면 일잘하는 사람.,워드문서작업. 보고자가 달라질때마다 재작업. 지원부서에 예산받을때 극한 스트레스. 외부 업체에 갑질.,부서별로 갑을관계가 있는 것이 아닌데 실제로 그렇게 행동해서 힘들고 외부 업체에 돈주니까 당연히 부려야한다는 마인드는 고쳐야할듯. 평생 삼성전자 을로는 일하면 안되겠다 생각했음.,추천,비슷,0
2022.01,4,마케팅/시장조사,전직원,4,5,4,4,4,체계적인 시스템을 경험할수잇고 타기업대비 빠른의사결정과 그나마 합리적인 조직문화로 직장생활가능합니다. 사람들 중에 크게모난사람은 없고 상식수준에서 모든걸 경험한다고 보시면 됩니다.,메인부서바 아니곳은 조직개편과 인사이동이 많아 때로는 소속감이 불안할때가 있습니다. 특히 서비스조직은 많이 축소되어 제조업 이라는 틀안에 갖힐때가 많습니다.,서비스와 플랫폼에 대한 신규사업도 놓치지않았으면 좋겠습니다.리얼 하드코어 제조업은 한계가 있습니다.,추천,성장,0
2022.01,4,마케팅/시장조사,현직원,4,4,4,4,4,복지가좋고 급여도ㅇ좋다 사람도 좋고 대신 주말도 보장됨,일이 너어무 많아서 불합리하게 업무가 이루어진다 사람이 많지만 하는사람만 일함,직원들에게 아낌없이 지원부탁드립니다 회사는 큰데 직원들이 힘들어하네요,추천,비슷,0
2022.01,5,기획/경영,현직원,4,5,4,4,4,삼성이다. 네임벨류가 있다. 자랑스럽다. 대감집 노예다 인센 확실하고 빵빵함.,준 만큼 돌려받고자 한다. 하지만 이 점은 어느 기업이나 마찬가지므로 단점 축에 들지 않음,지금으로도 만족한다. 연차가 쌓이면 그땐 생길지도. .,추천,성장,1
2022.01,5,데이터,전직원,5,5,5,5,5,가장 좋은건 복지 높은 연봉 그리고 시스템화 되있는 조직,경쟁이 너무 치열하고 나보다 똑똑한 사람이 많은 좌절감,앞으로도 쭉 발전해서 대한민국 최고의 회사로 이어졌으면 합니다,추천,성장,0
2022.01,4,유통/무역,전직원,3,3,3,4,3,최대한 직원들에게 다양한 복지와 혜택을 주기 위해 노력함. 삼성전자라는 회사 타이틀,비효율적인 업무 사람들이 퇴사하면 원래 있던 사람들에게 업무를 가중 시킴 틈만 나면 만드는 발표 자료 (사용하지도 않음),좀 더 직원들의 말을 들어 줬으면 좋겠습니다. 잘 들어 준다고 하지만 변화하는 것은 없음.,추천,성장,0
2022.01,3,생산/제조,전직원,3,5,2,3,3,아무래도 대기업중에서도 가장 주목을 받는 회사이기때문에 야근 특근 성과금과 같은 수당을 확실하게 받을 수 있습니다.,인원이 많은 만큼 시스템도 약간 군대와 비슷합니다... 아무래도 학사이기때문이겠지만 뭔가 소모품과 같은 느낌을 많이 받아요,너 아니어도 일할 사람 많다. 라는 마인드를 줄여줬으면 합니다...,추천,비슷,0
2022.01,4,생산/제조,전직원,3,4,4,4,4,업무분담 체계가 잘 되어 있어 인수인계가 편했다. 연차사용이 자유로웠다.,기업 문화가 경직되어 있고 친하게 지낼 수 있는 동료가 없었다. 다른 직원의 눈치를 보게 되는 일이 잦았다.,직원들의 건강에 좀 더 관심을 쏟아줬으면 좋겠다. 몸이 안좋아 퇴사 했는데 아무런 코멘트가 없었다.,추천,성장,0
2022.01,3,서비스/고객지원,전직원,3,3,3,3,3,사람들과 회사와 부서와 직급과 진급과 보수와 복지와 좋은 시설과 휴속지와 좋은 시간,힘든 야근 시간부족 일당 아르바이트 과장 차장 등등 많은 업무 또는 항상 흡연실,신규 사업 추진에 대해서 더 많은 계획과 획기적인 보고서 제출 요망,추천,비슷,0
2022.01,3,기획/경영,전직원,3,3,3,3,3,복지가 좋습니다. 명절 등 상여금이 많고 회사 시설이 편리합니다,업무가 많아서 힘듭니다. 야근을 많이 합니다. 워라밸이 안좋습니다,야근을 줄이고 직원의 편리를 향상시켜줬으면 좋겠습니다.,추천,비슷,0
2022.01,5,개발,전직원,5,5,5,5,5,좋은복지시설과 회사의 위치 그리고 일류기업이라는 최고의 네임밸류가 삼성전사의 가장 큰 장점이지않을까 싶습니다.,아무래도 대기업답게 업무가 많을때도 있음  업무가 많기는 하지만 앞에 말한 기업의 장점에서 커버가 되기에 상관없다고 본다,앞으로 애플을 뛰어넘는 최고의 모바일 그리고 전자기업이 되었으면 한다.,추천,성장,0
2022.01,3,연구개발,전직원,2,3,4,3,1,인프라복지는 대한민국 끝판왕. 헬스장 수영장 동호회실 등등의 건물 복지가 매우 좋음. 하지만 코로나 때문에 활용 못 함. 셔틀버스 매우 많음 이건 국내 1등. 화장실 전부 비데 설치. 사내병원에 대학병원 의료진. 밥 잘나옴 건강식. 어르신들이 좋아하는 네임밸류. 공돌이가 갈 수 있는 회사 중에서 가장 도심지에 있음.,인사! 인사! 인사! 기본적으로 HR의 역할을 잘 모르는 듯. 근로자와 사용자 사이에서 줄다리기를 잘 해야하는 인사팀이 그 역할을 전혀 못하고 있음. 사용자의 지시를 고압적으로 직원에게 전달 강요하는 역할만 하고 있음. (역시 노조가 없던 회사라..) 코로나 이후 개인 사생활 침해가 심각함. 완제품 사업부들은 신성장동력이 없음. 늘어나는 국제 경쟁자들 때문에 매출과 영익이 줄어들 날만 남았음. 커리어의 무덤. 특히 SW는 절대 오지 말 것. 회사가 SW 커리어에 대한 개념이 거의 없음. 인재를 중시하던 전 회장님의 인사이트와는 다르게 인재를 정말 막 다루는 중. 보상도 이전과 같지 않음.,없음. 여기 적어서 바뀔거였으면 퇴사도 안 했음. 내부에서 고래고래 소리를 질러도 들은 체도 안 하더만.-경영진이 아니라 직원에게 바라는 점: 커리어 망하기 전에 실력 빨리 쌓아서 난파선에서 탈출하세요.,비추천,-,0
2022.01,4,기획/경영,전직원,3,4,3,3,4,급여가 높으며 복지가 우수하다. 의료비 가전제품 캐리비안베이 삼성병원 이용 혜택이 있음. 대부분 사람들이 좋고 영차영차 느낌남.,보고서 작성 정말 어려움. 1장 보고서 써야함. 내부 경쟁 치열함. 과장까지는 그럭저럭 승진되나 그 이후는 알 수 없음. 도태된다는 느낌 좌절감 한순간잉.,국내 최고의 회사임에는 분명함. 감싸주는 문화가요구됨,추천,비슷,0
2022.01,5,기획/경영,전직원,3,5,3,3,2,대기업인만큼체계적이며 일하는분위기로 저의적성엔 잘맞았습니다,작은회사에서의 아르바이트근무경험 만있다 대기업에서 아르바이트른하니 적응이 힘들었습니다,아르바이트다보니 서먹서먹한 관계가 많았습니다 좀더 친밀성이 있음좋겠다,추천,성장,0
2022.01,4,영업/제휴,현직원,4,4,4,4,3,자율출퇴근 눈치안보고 가능시간연차 사용 가능사내 병원 이용 가능사내 식당 이용 가능,보고 체계가 복잡하여 보고를 위한 보고를 하며 비효율적인 시간을 쓰는 경우가 있음,큰 목표를 위해 작은 것은 적당히 용인하고책임을 따지는것보다 해결책을 수립하는 것에 초점을 두었으면 함,추천,비슷,0
2022.01,4,생산관리/품질관리,현직원,3,5,3,3,3,돈은 많이 줌. 내 능력으로 이 정도 연봉 다른데서는 절대 못 받음.,일이 많고 경쟁 문화다 보니 사람들끼리 속으로 무슨 생각하는지 모르겠다.,돈 계속 많이 주면 그냥 열심히 다닐게요........,비추천,성장,0
2022.01,5,생산/제조,전직원,5,5,5,5,5,기숙사라던지 회사안에서 마트 쇼핑 등등 모든게 다 가능함,식사시간이 짧아서 줄스고 밥먹는거까지 빨리 끝내야해서 너무 힘듬.,지금처럼만 해도 아주 만족스러운 회사생활이 될것같습니다.,추천,성장,0
2022.01,2,금융/재무,현직원,3,2,1,1,1,회사 자체는 좋은 회사임넘치지는 않으나 적정수준의 급여와 복지,기업 문화가 효율성이 없음보고를 위한 보고같은 내용 보고서의 수많은 버전임원들은 본인의 의견없이 모르겠고 잘해서 가져와보라는 경우가 많음,경영진의 의도가 실제 발현되지 않는 경우가 많습니다중간에 있는 분들이 받아들이지않는 경우가 많습니다,비추천,비슷,0
2022.01,4,연구개발,전직원,4,4,4,4,4,연봉도 좋고 대우가 좋습니다. 신입으로 들어가서 일을 배우기가 정말 좋은 기업입니다.,신입으로 들어가셨더라도 노력을 하셔야 합니다. 그래야 나중에 길이 열립니다.,대표님께서 열심히 일하고 계신다고 생각합니다. 감사드립니다.,추천,성장,0
2022.01,4,개발,전직원,4,5,5,4,4,대기업이다보니 직원복지는 정말좋음 구내식당도 좋고 가족들 건강검진까지 다 진행해주는편 프리한분위기에 업무할 수 있으며 복지는 정말 좋다,흔한 고인물 상사들의 인식이 90년대에 머물러있는 느낌 혁신적이고 새로운 걸 만들어야되는데 과거에 머물러있는거같다 뭐 예전보다는 훨씬 나아지고있는거같고 눈치도보는거같은데 여전히 윗분들 생각하는게 시원하지않음,회의때 자유로운분위기를 원함 답이 정해진 상태에서 그냥 의견통보식의 회의는 ..솔직히 이럴거면 회의 왜 하는지 모르겠다,추천,성장,0
2022.01,1,연구개발,현직원,1,1,1,1,1,자율출퇴근제가 유용 밥 세끼 공짜 네임벨류는 좋음 출퇴근 버스잘되어 있음 월급루팡으로 살기 더없이 좋음,대기업치고 복지가 없음 미디어에는 그럴듯 하게 포장되어 나오지만 실제로는 다른 중견기업이랑 비슷함. 기본급이 매우 낮음 연차가 법정 연차외에 없음 워라밸 최악 정치만이 살길,직원을 개돼지 부품이 아닌 사람으로 대해주기를 바람. 대외적으로만 잘났다고 하지말고 내실을 채워주기 바람,비추천,-,0
2022.01,3,미디어/홍보,전직원,3,5,4,3,3,인센티브 급여수준이 높음 그러나 부서마다 다르게 인센티브가 부여되기 때문에 티비에 나오는 인센티브를 생각하면 안됨,높은 직급의 사람들은 루팡으로 밖에 안보임 물론 결정적인 역할을 할때가 있지만 결정적인 역할을 일년에 몇번할까 싶음,신규 직원을 채용함에 있어 직급이 높은 사람이라 하더라도 무시하거나 성희롱적 발언을 아직까지 하는 사람들이 있기에 이에 대해 회사 차원에서 적극적인 대응이 필요함,추천,성장,0
2022.01,3,개발,전직원,2,4,2,2,1,제조업중에 연봉이 높고 인원이 많아서 본인 할일만 잘하면 다니는데 큰 무리없음.,SW개발자의 무덤같은 곳이 대부분이라 연구소가 아니면 스스로 퇴근후 공부하지 않는이상 개발자 커리어는 포기해야함.,사람갈아 넣어서 성과내려고 하지말고 시스템을 잘 만들어서 운영하길..,비추천,비슷,0
2022.01,3,생산/제조,전직원,5,3,1,3,1,복리후생은 우리나라에서 탑  상여금도 또래보다 많이 줌 가족들이 좋아하는회사육아휴직도 최대로 쓸수있음,사람의 골수까지 뽑아먹음 가족들이 퇴사를 못하게한다,입사자수를 늘리고 사수와부사수의 관계계선을 위해,비추천,성장,0
2022.01,4,생산/제조,현직원,4,4,4,4,4,회사에 모든게 다 있음 통근버스가 유용함 복지 제도가 만족스러움,회사가 너무 넓어서 건물을 찾기 힘듬 신입이라 길이 어렵다 ..,하이닉스가 따라왔는데 삼성은 ..? 만족은 하지만 보너스가 더 있으면 좋겠다,추천,성장,0
2022.01,4,개발,현직원,3,5,3,3,3,대외적인 평판이나 자기 만족도에는 부족함이 없다고 생각합니다,밖에서 보이는것이 전부는 아니며 명과 암이 있음을 인지하며 다녀야 할 것 같습니다,외부적인 이슈없이 지금의 위치를 굳건히 하고 더 나아갔으면 합니다.,추천,성장,0
2022.01,5,개발,현직원,4,5,5,5,5,신입 입장에서..좋은 동료와 선배를 만난다면 더할 나위없이 좋을테니 진리의 부바부사람이 워낙 많다보니 원래 알던 친구가 회사에 많다나름 지방이라 집값이 싸다?,경쟁사에 비해 복지 및 연봉이 안좋아서 민심이 바닥임.여론이 안좋아서 내 만족도도 낮아지는듯;;,새로바뀐 사장님이 개선의지를 보여주셔서 기대중임.좋은 방향으로 바뀌어서 계속 다니고 싶은 회사가 됐으면..,추천,성장,0
2022.01,4,연구개발,현직원,3,5,4,3,3,복지 상여가 뛰어나고 연차를 비교적 자유롭게 쓸 수 있음. 구시대적 마인드가 남아있으나 이는 어느 회사를 가더라도 대부분 마찬가지,불필요한 회의 및 문서작성 요청이 많음. 좀 더 효율적인 방법이 무엇인지 고민해 볼 필요가 있다고 생각함.,직원을 부품처럼 생각하지 말고 인간적으로 생각해줬으면 좋겠음,추천,성장,0
2022.01,4,생산/제조,전직원,4,4,2,3,2,복지가 좋고 일한만큼 인센티브를 받을 수 있어서 직원에 대한 대우가 좋다,업무가 많다보니 야근을 많이 해야한다는 것이 단점. 업무하는데 야근이 많아서 힘들다,적극적인 도전을 하는 방향으로 결정을 내려주면 좋을 것 같다고 본다,추천,성장,0
2022.01,3,엔지니어링,현직원,3,3,2,3,1,걱정 안되는 아침 점심 저녁 야식 제공복지포인트 패밀리넷  통근 셔틀,4조3교대 근무에서 벗어나기 힘듬 항상일이 내려와서 점심시간 화장실 시간 제외하고는 풀집중 근무 뉴스에 사고 하나 뜨면 바로 관련된 내용 조사 및 취합 업무 강도 극 헬 여름 휴가 없음 ps 잘나오길 바래야 하는 기본급 영업이익 최대성과: 직원의 노력은 우연의 결과 임원 연봉 240% 상승 소통없는 통보 인사의 비동의 칸이 없는 동의,여름 휴가 기본급 상승 군대문화 등 개선해야할 게 너무 많다. 직원을 제대로 바라보고 소통을 통해 개선해줘야함,비추천,비슷,0
2022.01,4,연구개발,현직원,4,4,3,4,4,나름 수평적인 분위기에서 근무할 수 있고 사바사지만 대체적으로 서로 존중하는 분위기. 연봉도 타 산업군에 비해 많이 받는 편. 나름 동탄 살기 좋음. 자율출퇴근제가 매우 만족.,일이 많다. 일이 몰리는 사람한테 몰린다. 여러 보고 자료를 많이 만들어야 된다.,임직원 정서에 보다 신경써주세요. 임직원은 잘 몰라도 돼 결정되는대로 따르라는 식이 많아서 슬픕니다.,추천,성장,0
2022.01,3,생산/제조,현직원,3,4,2,2,4,연봉으로 복지를 해결하는 회사이므로 연봉에 대한 만족도가 매우 높음,연봉이 많기 때문에 그만큼 일이 힘들수 있음. 사내문화가 딱딱하게 느껴짐,이대로만 한다면 매우 좋으며 연봉이 오른다면 더 좋음,추천,성장,0
2022.01,4,생산/제조,현직원,4,4,2,3,4,1년차부터 연봉이 매우 높아서 만족합니다. 대기업이라는 단어 하나로 자신감이 생깁니다,연봉만큼 일을 해야하며 개인 시간이 없는 경우도 가끔 있습니다,큰 바람은 없습니다. 이대로만 유지하면 좋을 것 같습니다,추천,성장,0
2022.01,3,개발,현직원,3,4,4,3,3,연봉과 안정성 부서바이부서 이지만 그렇게까지 일이 힘들지 않고 연봉이 잘 나온다,서비스 개발자로 성장하고 싶다면 서비스 개발 전문 회사에서 일하는게 더 좋은 선택일 수 있다.,서비스 개발에 좀 더 집중해줬으면 좋겠다. 언제까지 하드웨어 팔아서 성장할 수 있을까,비추천,비슷,0
2022.01,4,개발,전직원,4,4,4,4,4,직원들이 수평적이고 꼰대문화가없었던것같습니다.다들 잘해주시고 밥잘나오고 커피도 자주 사주셔서 좋았습니다,퇴근할때 다같이 퇴근해서 역까지가는게 불편했습니다.그래서 몇번하다가 저혼자 갔습니다. 단점까지는 아닌것같네요,우리나라 1등기업답게 삼성전자를 계속 좋은기업으로 이끌어주세용!,추천,성장,0
2022.01,1,서비스/고객지원,전직원,5,5,5,5,5,연차를  눈치안보고  쓸수있음야근이 없어서 좋은 회사입니다,문서작업량이 많음고객의 입장을 생각하여야하는게   장점이자 단점,신입사원을 좀더  상세히알려주었스면합니다무궁한 발전이 있길,비추천,성장,0
2022.01,4,개발,전직원,4,4,4,4,4,일단 삼성 네이밍 자체!온갖 복지를 죄다 지원해줌 장점 천지임...,팀바이팀이지만 꼭 하나씩 있는 꼰대 상사들마음 가짐을 고쳐먹었으면 좋겠음,삼성이라는 말에 맞게 더욱 성장해주세요 ~~~~~,추천,성장,0
2022.01,3,마케팅/시장조사,전직원,4,4,2,3,3,글로벌 사업경험을 할 수 있고 본인의 의지에 따라 다양한 직무를 경험하면서 성장 할 수 있는 기회 존재하며 성과에 따른 보상과 승진이 생각보다 객관적임,상품기획/마케팅/영업에는 열정있고 스마트하면서도 좋은 백그라운드를 가진 직원들이 많으나 의사결정을 하는 임원들은 여전히 예전 마인드에서 벗어나지를 못하고 있음,삼성전자가 차지하는 글로벌 위상 대비 기업 문화와 업무방식이 점차 개선되고 있긴 하지만 여전히 다소 낙후되어 있고 개선 가능한 부분이 많다고 생각 됨,추천,성장,0
2022.01,3,개발,현직원,5,5,3,1,1,입사 허들은 생각보다 낮지만 연봉이 높음. 복지는 세끼 무료 제공 맛있음. 어른들 인식도 좋은편.,계약 연봉은 낮은편이나 연말 성과급(PS)이 더해지면 타 회사보다 살짝 높은 수준. 연말 성과급(PS)은 최대치(50%)가 정해져 있고 계산식이 공개되어있지 않아 예상 불가. (외부에서는 계속 반도체 호황 인것처럼 보이지만 19년도에는 반도체 부문 29%였음)연차는 법정 최소 연차(15개)로 적은편. 2년 근무당 1일씩 추가됨. 생각보다 복지가 별거 없다.,근로자가 많아서 함부로 연봉 올리기는 힘든다는거 알지만 연봉 가지고 적당히 장난쳤으면 좋겠음.,추천,비슷,0
2022.01,4,전문직,전직원,3,4,5,4,4,퇴사하고 생각해보니 조식/중식/석식 무료 제공 flexible working hours가 젤 좋은 복지!연차 사용이 자유로움.셔틀버스 노선도 많음.,진짜 열심히 일하는 사람도 많지만 의외로 일 안하고 노는 사람들도 많음..,전자 중에서도 반도체 무선사업부만 잘 나감...,추천,성장,0
2022.01,3,생산/제조,전직원,3,3,3,3,3,높은 연봉 좋은복지 주변에 중소기업다니는 사람보면 그차이를 정확하게 알수 있음점심 구내식당 선택메뉴 많음 외부인도 부러워함,단점은 모두가 알고있는 위계질서 보수적인 문화와분의기 말은안하지만 해야하는 강압적인 분위기,늘 일등기업으로 오래도록 그 자리에 있었으면 좋겠다 삼성이 오래도록 그 명성을 유지했으면,추천,성장,0
2022.01,3,생산관리/품질관리,전직원,3,5,4,5,3,자율출퇴근 제도와 상하관계를 줄일려는 노력이 다분한 글로벌 기업임.,불필요한 회의와 필요 이상의 회의. 사실 크게 단점을 모르겠음.,더 큰 글로벌 기업으로 자리잡아서 더 크게 성장했으면??,추천,성장,0
2022.01,3,연구개발,현직원,3,3,3,3,3,~님 호칭으로 불리는 문화. 나이가 어려도 함부로 대하지 못하게 문화가 형성되어 있는 듯 하다.,HW개발입장에서 유관부서에 빌어가며 일해야 한다. 옛날에 비해 나아졌다고는 하지만 여전히 갑의 입장에서 생각하는 유관부서가 많은것도 사실,어떻게든 픽스된 일정 맞추려고 야매로 일처리하는게 많은데 이렇게 해도 되나 싶고요. 모델 라인업좀 줄이고 퀄리티에 집중했으면 합니다.,비추천,비슷,0
2022.01,2,생산/제조,현직원,3,3,1,2,1,돈은 확실히 챙겨줌 그나마 밥이 좀 맛있고 가전 좀 싸게 살 수 있다 정도?,돈만 확실히 챙겨줌 정시퇴근 부바부 심한데 못하는 부서가 80프로임,직원들의 의견을 존중 해줬으면… 직원들에게 좋지 않은건 그룹장 시켜서 동의하게 만드는거좀 없애면 좋겠네요,비추천,성장,0
2022.01,3,생산/제조,전직원,3,3,3,3,3,연차 꼬박꼬박 잘 쓸수 있음 사내 복지 잘되어 있음(카페테리아 형식 식당으로 양식 중식 한식 골라서 먹을수 있음 아침에 바쁠때 샌드위치 테이크아웃도 가능) 연말 성과금 잘나옴 월급에서 딱히 아쉬울게 없음,돈을 많이 주는대신 그만큼 일을 많이 시킴 노조 없음 생산량 늘어나면 당연히 야근하고 특근 해야함,임원들이 검열을 많이 나오는데 탁상공론식 의견을 내서 현장의 실정과 맞지 않아 적용시키기가 힘듬  탁상공론식 의견 말고 직접 현장에서 뛰어보고 지시를 내렸으면 함,추천,비슷,0
2022.01,4,생산관리/품질관리,현직원,4,5,3,3,3,밥 잘나오고 돈도 정신 못차릴만큼 많이줌. 고과가 좋으면 성과급이 연봉의 70%받을때도 있음,사내정치를 잘해야하고 성과를 위해 새로운걸 계속 해야함. 너무 스트레스받음.최근 동종업계에 비해 보상이 적어보여 논란이 많음.,제발 직원들에게 다그치지 말고 사람을 더 뽑아주세요. 부탁드립니다.,추천,성장,0
2022.01,4,마케팅/시장조사,현직원,4,4,3,3,3,경쟁사나 플랫폼 기업으로의 인력 유출에 대응하기 위해 연봉 및 복지는 우상향할 것으로 예상됨. 삼성전자라는 타이틀에 본인의 커리어 개발 노력이 더해질 경우 좋은 조건 or 기업으로의 이직사례 다수 존재.,회사가 내린 결정에 개인이 거부하거나 반대 의견을 내기 어려운 수직적 조직문화. 조직의 논리가 우선하기에 본인의 의사와 관계 없는 부서 및 Job을 맡는 경우 발생.,조직 위에 개인이 있을 수는 없지만 간혹 조직의 영향력이 과다학 느껴질 때가 있음. 똑똑한 순서대로 나간다는 이야기가 사내에 존재하는 것은 조직문화나 성과보상 체계에 아주 분명한 개선점이 존재함을 의미함.,추천,비슷,0
2022.01,4,연구개발,현직원,4,4,4,4,2,자율출퇴근 연봉 출퇴근셔틀 사내식당 조직문화(부바부),휴가일 수 대기업 중 가장 적음(여름휴가 없음 창립기념휴일 등 전무함)[DS부문] 부바부가 심함 경영진이 하라고 하면 무조건 해야하는 구조 조직이 수시로 바뀜 총 코로나 기간중 재택일수 0일 도를 넘는 보안방침,수평적인 조직문화를 위해 애써주셨으면 하고 전자 SET 무선사업부와 DS부문의 복지 수준 차이가 큰데 형평성 있게 동일하게 맞춰주셨으면 합니다.,비추천,-,0
2022.01,4,기획/경영,현직원,4,5,3,4,3,회사 브랜드가 좋음. 주변에 똑똑한 사람들과 일하는 기회는 매우 좋은 장점임. 케바케지만 가끔 돌아이들도 볼 수 있음,고인물이 생각보다 많다. 신입사원들을 뽑는다 하지만 전체적으로 느끼는 체감은 매우 적다,하드웨어에만 치중하지마시고 SW 도 많이 신경써주세요. 혁신적인 제품이 꼭 외형만을 의미하는 건 아닙니다!,추천,성장,0
2022.01,3,기획/경영,전직원,4,4,4,4,4,삼성 인재 초격차 경영을 몸소 인턴시 배워요사내 정치를 못느끼게끔 직원들간 수평 관계 유지해주려고 노력해줍니다.,인턴직도 경영 지원 업무량이 엄청나요코로나19라서 핵심 인원만 출근해도 비대면이라고 해서 절대 업무량이 작지 않고다 평가받아요,경영 지원에서 벗어나 대부분의 커리어에 대한 지원을 합니다이것이 과도한 업무로 이어져서 많이 힘들었습니다,추천,성장,0
2022.01,3,생산/제조,현직원,3,3,2,4,1,자율출퇴근 부모님 세대의 인지도 성과금이 잘 나오는 해는 행복함,노조가 약해서 경영진의 입김이 너무 강함. 사원들을 부품으로 생각함,불만에 조근 관심을 가져야한다. 경쟁사 대비 부족한 점을,비추천,-,0
2022.01,5,생산/제조,현직원,2,4,5,5,4,업무에 악영향만 없다면 자율출퇴근을 눈치 안보고 할 수 있음.시스템의 삼성이라고 모든게 체계화 되어있음.,노조가 없어 고용 안정성에 대한 불안함이 없지않아 있음. 모든것들이 너무 시스템화 되어있어 가끔은 불편할때가 있음.,삼성이 분명히 다니기 좋은 회사인건 맞지만 Best한 회사는 아닌 것 같습니다. 서있으면 앉고싶고 앉으면 눕고싶고 누우면 자고싶다는 말이 있는것처럼 바라는것처럼 보여 웃기지만 최소 경쟁사들과 급여/복지수준을 맞춰주면 좋겠습니다.,추천,성장,1
2022.01,4,생산/제조,현직원,4,5,4,5,3,오피스 시 자율출퇴근제밥 맛있음나름 수도권에 위치해서 출퇴근 간편(평택 제외)통근버스 많음,최근 하이닉스에 비해 보상체계 아쉬움고초대졸은 승진 오래걸림평택 근무 시 워라밸 삭제,보상체계좀 바꿔주세요...경쟁사에 비해 아쉽습니다그래도 최고의 회사,추천,성장,1
2022.01,3,마케팅/시장조사,전직원,4,4,4,3,3,높은 인센티브 임금은 보통이나 인센티브!글로벌한 문화 하는 만큼 많은 책임이 따름 적극적으로 하는 자세 필요,뭘 하든 결제라인이 너무 길고 해외 법인의 특성상 보고서 쓸일 때문에 업무 마비 되는 경우도 있고 아직도 높으신분 오면 의전때문에 법인 하나 난리 난리 그런 난리가 없다. 해외에서 순환근무 안되고 성장한계 느껴짐,아무리 높으신 관리자분들이라도 현지운영이 우선이기 때문에 의전의 중요성이 낮아 졌으면,추천,비슷,0
2022.01,3,연구개발,현직원,3,3,1,3,2,돈이 필요하면 현재 IT계열 제외한 제조업 기준 가장 많이 받을 수 있음,워라벨 없는 부서가 대부분이고 윗 사람들의 마인드가 사람갈아넣어서 해결하는게 당연한 분위기임,직원 보상에 신경썼으면 좋겠음. 업계최고 초일류 세계최고라면서 직원은 그냥 소모품 취급임,비추천,비슷,0
2022.01,3,생산관리/품질관리,현직원,3,3,3,3,3,연차 눈치보지 않음자율출퇴근제 도입삼시세끼 제공본인 의료비 지원,급여를 최대한 적게 주려는 의도를 너무 드러내서 애사심을 깎아먹음글로벌 기업이라는 위상답지 않은 직원처우,코앞만 바라보는게 아니라 먼 미래를 구상했으면 좋겠음단기실적에 휘둘리는 모습이 많이 보여 실망스러움,비추천,비슷,0
2022.01,4,개발,전직원,4,4,3,3,3,대기업이다. 보너스에 대한 기대감이 크다. 나의 업무 능력과 크게 상관없이 회사는 늘 안정적이고 성장할 것이다.,회사에서 나의 업무 기여도가 눈에 띄지 않는다. 결국 삼성내에서 성공하려면 업무능력보다 정치력이 커야 한다.,사람을 귀하게 여기는 조직문화를 키워나가면 좋을 것 같다.,추천,비슷,0
2022.01,5,개발,현직원,3,3,4,4,5,자율출퇴근제하루3끼무료통근버스가전제품 저렴하게 구입가능.............,r&r 명확하지않은 업무ps pi가 적게나오는경우가 종종있음원치않게 부서이동할수있음............,직원들 요구사항을 잘들어주시길바랍니다,추천,성장,0
2022.01,4,생산/제조,전직원,4,3,4,4,4,돈을 많이 줍니다. 밥도 잘나오고요. 사람들도 다 착해서 두루두루 친하게 지냈어요.,일이 좀 빡세요. 정신없이 일하다보면 벌써 하루가 다가요. 그래도 이건 다른 회사도 똑같지 않을까요?,바라는건 딱히 없어요. 이대로도 괜찮은 것 같아요. 다만 복지가 조금 더 좋아졌으면 좋겠어요. ㅎㅎㅎ,추천,성장,1
2022.01,5,금융/재무,전직원,5,5,3,3,5,사람들이 전부 매너 있고 스마트 하면서 항상 배려심이 넘칩니다.모르는부분을 알려달라고 요청했을때 친절히 알려주셨습니다.늘 점심시간이 기다려졌습니다.,숨막히는 분위기라고 표현하면 될까요?단지 아르바이트였지만 그 긴박함이 묻어나는 숨막히는 환경이라는 부분은어린 저도 느낄수 있었습니다..,항상 최고의 기업이라 생각되고 늘 입사하고 싶었던 기업입니다.앞으로도 쭉 최고의 기업으로 남아주세요,추천,성장,2
2022.01,4,개발,전직원,3,4,3,3,3,밥은 아침점심저녁 걱정하지않고 먹을 수 있어서 좋다. 서울 지역이 아니어서 집에대한 부담이 적다,대기업 연봉을 주지만 임원이 아니면 상위기업의 중간 정도 수준의  임금을 지급한다. 중간 관리자급은 직급 평준화로 조직 리드하기가 쉽지 않은듯하다.,경영진은 일반 회사 생활에서는 전혀 신경쓰지 않아도 되서 별로 생각해보지 않았다.,추천,비슷,0
2022.01,4,개발,현직원,4,4,4,4,4,세계최대 1등 반도체 기업만큼 회사의 복지도 1등이랍니다.항상 열씸히 일하고 있답니다.,1등을 놓지지 않기 위해서 너무 바빠요..항상 열씸히 시간을 내야하니 체력이 딸립니다.,최선을 다하겠습니다. 항상 기대가 큰 회사이니까 세계 1등을 위해서 하고 싶습니다.,추천,성장,0
2022.01,5,개발,전직원,5,5,5,5,5,당연히 안정적이고 평생 직업으로 삼기에 아주좋다 고민중인분이 있다면 저는 무조건 강추,딱히 단점을 생각해본적은 없지만 굳이뽑자면 업무의 강도,딱히 바라는점은 없고 그냥 굿굿 저는 추천드리빈다,비추천,성장,0
2022.01,4,생산관리/품질관리,현직원,4,4,4,4,4,돈을 많이주기는 합니다. 또한 부당한 대우 등은 별로 없고 처우 개선에 많은 힘을 쓰긴합니다,포괄임금제 야근과 주말근무가 많습니다. 수직적인 문화도 있습니다.,수평적이진않아도 공평한 문화와 보상을 위해 조금 더 힘써주세요,추천,성장,0
2022.01,3,기획/경영,현직원,5,4,4,2,2,연차를 눈치 보지 않고 쓸 수 있음..(기술팀 제외) 출퇴근시간이 프리함회사는 경기도지만 나름...? 서울권임,단순 보고를 위한 PPT 작업에 모두가 혈안임 기존 루틴 업무에 대한 인정은 전혀 이루어지지 않고 늘 약을 어떻게 팔지만 고민함,대외적으로 이미지메이킹은 100점 내실은 0점혁신혁신 외치지만 말고 정말 혁신을 위한 행동이 필요할 때,비추천,-,0
2022.01,5,개발,전직원,5,5,5,5,5,연차를 눈치안보고 사용할때도있고 아닐때도있음복지제도가 있다 없다 하는 것보다 중요한건 정말 혜택을 볼수잇는건가 하는거잖아요 역시 대기업이에요 ㅋ,보고를 많이함그래도 대기업이라 너무좋았고 식당도 맛잇어요,사실 딱히 바라는것은 없음… 신입좀 많이 뽑아주면 일하는게 좀 줄어들까…..,추천,성장,0
2022.01,5,디자인,전직원,3,3,3,3,3,대기업 맛을 느낄수 있음 좋은 복지 깔금한 건물 좋은 식당,정해진 틀에서 벗어나지 않도록 일을 해야함 기존에 틀에 박혀있는 군대식 문화가 어느정도 있음,특별하게 없습니다. 앞으로도 지금처럼만 일해주신다면 감사합니다.,추천,성장,0
2022.01,2,엔지니어링,현직원,3,2,2,3,1,최근에 연봉이 오르고 복지체계가 정상으로 돌아와서 그나마 좋음,체계가 없고 임직원들간의 소통이 잘안되며 소통할수있는 기회가 별로없음,용역을 따오는데 좀더 적극적인 영업을 하였으면 좋겠습니다,비추천,-,2
2022.01,5,인사/총무,전직원,4,5,5,5,5,직원의 사기와 능력을 올리기 위해 많이 노력함사내식당 맛있음 셔틀버스 잘되어있어서 편함사내동호회 많아서 흥미로움상급자들이 먼저 변하려 노력하는것이 보임그런 교육이 잘되어있음,건물마다 사내식당 메뉴가 많이 차이남그래서 항상 10분 걸어서 다른건물가서 먹었던 기억이 있네요헬스장이 모든 건물에 있는건 아님,사업체별 성과금 분배가 조금 더 합리적이었으면 좋겠습니다반도체 성과금 받은 액수 듣고 뭔가 자부심 갖고 일하다가도 부럽고 슬펐던 기억이..ㅠㅠ,추천,성장,0
2022.01,4,생산/제조,전직원,3,4,3,4,4,연봉이 높고 상여나 복지에 관련 된 건 최고인것같다대기업의 특권이 아닌가 싶다,육체적으로 그만큼 힘들다 그만두는 사람도 많은 만큼 많이 뽑는다 솔직히 힘든 만큼 돈도 그만큼 주기때매 할말은 없다 힘들면 그냥 나가면 된다,직원들의 말을 구체적으로 들어줬음 한다 그리고 생산 제조 쪽에도 좀 더 많은 관심을 가져줬음 한다,추천,비슷,0
