Education,Marital_Status,Income,MntPurchases
2n Cycle,Divorced,87305,1152
Graduation,Together,42011,189
Graduation,Married,28442,57
PhD,Divorced,70179,1034
PhD,Together,76140,1348
Master,Single,73454,1651
Graduation,Married,74068,1581
Master,Married,37787,106
Graduation,Married,65492,1045
Basic,Single,25707,21
PhD,Single,82800,1315
PhD,Together,66426,1377
Graduation,Married,72025,1677
Graduation,Together,34074,255
PhD,Married,51012,209
PhD,Together,21840,27
Graduation,Married,66303,1286
Graduation,Widow,60208,656
Graduation,Together,22682,95
Master,Together,80573,1564
Graduation,Married,92910,1795
Graduation,Together,19444,54
PhD,Married,37401,48
Graduation,Single,82014,1511
Graduation,Married,41443,482
Basic,Together,24594,29
PhD,Single,48240,882
PhD,Married,55212,1182
Graduation,Together,33456,36
Graduation,Married,27255,37
PhD,Together,77863,1291
2n Cycle,Together,34984,38
2n Cycle,Married,20130,34
Graduation,Divorced,64713,602
Graduation,Married,65991,971
Graduation,Married,84219,1198
Graduation,Together,76005,1722
Graduation,Together,36807,16
PhD,Married,37717,25
2n Cycle,Married,15315,64
PhD,Married,31686,17
PhD,Married,51650,191
Graduation,Married,36790,66
PhD,Widow,82032,1234
2n Cycle,Together,20981,73
Master,Married,81929,2053
PhD,Married,45759,68
Graduation,Single,94472,1691
Graduation,Together,28320,43
Graduation,Single,38643,49
Graduation,Married,50300,270
Graduation,Married,13624,36
Graduation,Together,51369,576
Graduation,Together,85606,1956
Master,Together,57954,493
PhD,Single,46757,1143
Graduation,Single,37070,433
Graduation,Single,28567,46
Master,Together,42021,573
PhD,Married,54456,404
Master,Married,19510,30
Graduation,Married,66373,606
Master,Married,36408,22
Graduation,Single,58138,1617
Graduation,Divorced,36627,16
PhD,Single,27213,70
PhD,Married,71969,1086
2n Cycle,Divorced,31395,64
Master,Married,52973,1152
PhD,Together,46681,425
PhD,Married,66465,1485
Graduation,Together,22775,15
2n Cycle,Together,25130,50
2n Cycle,Married,62972,587
Graduation,Single,30822,51
Graduation,Single,43020,223
2n Cycle,Married,23148,37
PhD,Married,36930,297
Graduation,Divorced,63693,1150
Graduation,Married,70503,1727
Master,Married,76995,1782
Graduation,Together,62568,953
Graduation,Married,38998,54
Graduation,Married,43140,235
Graduation,Single,86037,730
Graduation,Single,80982,1191
PhD,Married,87171,1298
PhD,Together,31497,155
Graduation,Divorced,57136,1179
Master,Together,70545,334
2n Cycle,Married,23559,79
PhD,Together,33629,152
Graduation,Widow,58275,615
Graduation,Together,31590,38
Graduation,Single,22804,26
PhD,Married,82170,1908
Master,Together,77632,2252
Graduation,Married,63967,882
Graduation,Married,22574,37
Graduation,Married,72570,1089
Master,Married,34529,162
Graduation,Together,83003,1674
PhD,Divorced,55614,682
PhD,Together,44124,397
Master,Single,8820,35
Graduation,Together,71819,1574
Graduation,Single,20518,25
Master,Divorced,29435,180
Master,Married,74806,965
PhD,Together,72335,2092
Graduation,Married,42693,57
Graduation,Married,75903,901
Graduation,Widow,58330,1064
Graduation,Single,95529,1990
Graduation,Single,72906,1151
Graduation,Divorced,22304,18
Graduation,Single,73170,726
Graduation,Married,38136,103
PhD,Single,39190,133
PhD,Divorced,58086,792
Master,Together,30538,367
Graduation,Single,74293,1127
Graduation,Married,65169,1189
Master,Single,16653,69
Graduation,Single,33279,16
Master,Married,65569,859
Graduation,Married,17148,68
Graduation,Married,51373,393
2n Cycle,Together,14515,96
PhD,Single,65295,664
Graduation,Single,29938,26
Graduation,Married,59809,877
2n Cycle,Married,54210,367
Graduation,Together,26091,89
Graduation,Married,94642,2211
Basic,Single,15862,36
2n Cycle,Single,24336,31
2n Cycle,Married,85710,1062
PhD,Married,45207,215
Graduation,Together,50200,401
Graduation,Together,71367,777
Graduation,Divorced,70300,1596
Master,Together,17459,69
Graduation,Together,72025,1932
2n Cycle,Married,23331,103
2n Cycle,Married,35688,211
Graduation,Married,72460,1047
Graduation,Married,46049,515
PhD,Together,46910,68
PhD,Single,42710,406
Graduation,Married,50737,99
Graduation,Together,83844,1574
Master,Together,85738,1371
Graduation,Married,83512,2157
Graduation,Married,43057,266
Master,Single,33316,131
Graduation,Divorced,62551,421
Graduation,Married,54809,174
PhD,Together,30351,46
Graduation,Together,76081,1033
PhD,Alone,35860,49
Master,Single,31788,60
Master,Divorced,46390,222
Graduation,Single,23442,27
PhD,Married,38829,99
Graduation,Married,58512,1171
Basic,Single,23529,54
Master,Together,43776,275
PhD,Married,59892,87
2n Cycle,Single,85485,1383
Graduation,Married,37716,188
PhD,Together,77845,1346
Graduation,Together,44392,211
PhD,Married,84169,1919
Graduation,Together,21675,45
Graduation,Married,71952,1443
Master,Together,65487,1169
Graduation,Married,39356,23
2n Cycle,Together,71488,559
PhD,Married,50870,63
Graduation,Together,30545,69
2n Cycle,Married,82347,1853
Master,Married,62845,1178
Graduation,Married,5305,32
Graduation,Married,44529,691
Master,Single,46098,120
PhD,Married,80360,2231
Graduation,Together,38232,122
Graduation,Married,80952,1757
Graduation,Together,70971,1825
Basic,Together,13084,29
Graduation,Single,30983,167
PhD,Together,61010,1021
Graduation,Married,40794,434
Graduation,Together,48794,54
Graduation,Married,40211,87
Graduation,Married,14045,20
Master,Together,80573,1564
Graduation,Married,75759,2486
Master,Divorced,49476,795
Graduation,Married,69016,1533
PhD,Divorced,85696,1313
Graduation,Single,22148,49
PhD,Married,34469,62
Graduation,Single,70566,757
Master,Married,58494,396
Graduation,Married,17345,58
2n Cycle,Single,67506,331
Master,Together,21255,61
PhD,Together,67911,976
Graduation,Married,16860,38
Graduation,Married,51287,182
Graduation,Divorced,64587,108
PhD,Divorced,35860,49
2n Cycle,Married,78497,978
Graduation,Widow,73455,2088
PhD,Married,70421,767
Graduation,Single,58350,1001
Graduation,Married,74268,892
Graduation,Divorced,55635,590
PhD,Together,40451,49
Basic,Widow,22123,102
PhD,Together,70038,1244
PhD,Together,83443,1497
PhD,Married,64355,1445
Graduation,Married,84219,1198
Basic,Single,14906,66
Master,Married,62058,450
Graduation,Single,79146,564
Master,Together,37509,123
2n Cycle,Widow,47682,521
Graduation,Married,17649,45
Graduation,Single,42720,654
Graduation,Together,40521,21
Graduation,Together,44911,215
PhD,Single,76045,1323
Graduation,Single,36864,354
Master,Together,54603,227
PhD,Together,62981,1482
PhD,Married,84117,1566
Master,Married,45736,437
PhD,Together,46015,46
Master,Single,86424,1226
Graduation,Divorced,50002,638
Master,Married,43815,79
Graduation,Married,22448,55
Graduation,Together,37758,40
Master,Divorced,63120,1477
Graduation,Together,30507,343
PhD,Together,38197,40
Master,Together,44602,292
PhD,Married,38725,45
Graduation,Together,66825,858
PhD,Married,67546,2126
2n Cycle,Single,41658,72
Graduation,Single,96843,1544
PhD,Married,69084,1586
Graduation,Together,31089,79
PhD,Divorced,62859,1307
Graduation,Divorced,64892,902
Graduation,Married,80134,1690
Graduation,Together,50116,66
Master,Alone,61331,632
PhD,Together,32313,159
Graduation,Single,49967,306
Graduation,Married,71107,1327
Master,Single,62772,946
PhD,Married,30396,34
Graduation,Single,34377,114
Basic,Married,24279,263
PhD,Together,81574,1798
Graduation,Together,77568,2194
Graduation,Married,43824,186
Master,Together,47175,240
Graduation,Married,75794,1682
Master,Single,49389,65
Graduation,Single,70596,968
Graduation,Together,29672,25
PhD,Married,55424,877
Graduation,Married,48192,1526
2n Cycle,Married,48985,75
Master,Divorced,62637,185
PhD,Married,70643,1828
Graduation,Married,45837,373
Graduation,Together,46097,241
Graduation,Married,27573,244
PhD,Single,66582,1288
Master,Married,81698,1008
Graduation,Divorced,70844,294
Graduation,Married,34838,170
Graduation,Together,32144,54
PhD,Single,62159,634
PhD,Widow,35340,45
Master,Divorced,27071,35
PhD,Single,40737,17
PhD,Married,55707,428
PhD,Married,44155,46
Graduation,Married,81795,1382
Graduation,Married,19419,70
Graduation,Single,65333,798
Master,Married,62694,749
Master,Married,43142,20
Graduation,Divorced,62204,946
Master,Single,98777,2008
2n Cycle,Married,36145,172
Graduation,Married,34421,30
PhD,Married,33762,106
Master,Married,72828,1678
Graduation,Single,61825,424
Graduation,Married,44794,65
2n Cycle,Together,52203,939
Master,Married,33181,16
2n Cycle,Married,7500,36
Master,Married,22701,24
Graduation,Married,51876,310
2n Cycle,Single,88194,1274
Graduation,Divorced,76982,1062
Graduation,Widow,85620,1600
Graduation,Single,20180,137
Graduation,Widow,65486,507
Master,Single,29548,29
Graduation,Together,35196,497
Graduation,Married,67716,1016
2n Cycle,Single,39548,54
PhD,Married,52869,172
Graduation,Together,34600,318
Graduation,Together,62807,819
Master,Together,57288,608
Graduation,Married,81320,928
2n Cycle,Together,26850,63
PhD,Married,36663,35
Graduation,Single,42373,163
PhD,Married,58482,731
Basic,Together,24882,80
Graduation,Married,80011,1395
Master,Together,59385,185
Master,Married,56850,63
2n Cycle,Married,57937,683
PhD,Single,40304,57
Master,Together,46692,397
Graduation,Together,69930,1662
2n Cycle,Married,51111,55
PhD,Together,82072,2018
PhD,Together,50616,67
Graduation,Married,75236,1068
Graduation,Married,87195,1097
Graduation,Divorced,44421,189
Master,Together,38620,318
Master,Married,38196,44
Graduation,Together,40548,120
Graduation,Single,46998,377
PhD,Single,62000,1020
Graduation,Together,60934,873
Graduation,Single,25008,34
Master,Married,80141,2091
Graduation,Together,39453,55
2n Cycle,Married,37284,23
2n Cycle,Married,72635,981
PhD,Single,33996,71
Master,Married,35178,59
Graduation,Single,80695,1918
Graduation,Married,20895,45
Graduation,Single,53700,694
PhD,Married,57236,121
PhD,Married,67472,414
Graduation,Single,43322,141
Graduation,Married,68487,1366
Master,Single,64857,1540
Graduation,Together,54753,728
Graduation,Single,3502,5
PhD,Married,36778,77
Graduation,Divorced,30630,52
Graduation,Single,83273,1392
Graduation,Together,67430,1364
Graduation,Married,80067,1600
2n Cycle,Together,19414,32
Graduation,Together,68142,1459
PhD,Widow,78028,528
Basic,Single,16581,24
2n Cycle,Single,31859,48
PhD,Together,65640,461
Graduation,Single,34738,20
PhD,Widow,80995,1482
Graduation,Single,29760,165
Graduation,Single,7500,57
PhD,Single,34554,55
Master,Married,49505,751
PhD,Together,29732,38
PhD,Married,62670,825
Master,Together,62847,1612
Master,Married,77520,1526
Master,Single,32557,80
Graduation,Together,54006,581
2n Cycle,Together,17117,128
Graduation,Divorced,33986,44
Master,Married,36138,151
2n Cycle,Together,54342,177
Master,Divorced,10979,30
PhD,Married,83837,1318
PhD,Together,64504,1314
PhD,Together,27922,41
Master,Married,52750,860
PhD,Single,84865,1688
Graduation,Single,81657,1097
Graduation,Married,59462,1088
Graduation,Married,57304,1026
Graduation,Married,61223,1341
Master,Together,82384,1957
Graduation,Together,83145,1833
Graduation,Together,16531,44
Master,Married,31535,51
Graduation,Married,65031,863
Graduation,Divorced,63887,1245
Master,Married,28520,43
Graduation,Single,38557,145
Graduation,Divorced,40851,59
PhD,Married,28973,269
Graduation,Married,63943,1106
Graduation,Widow,31880,15
PhD,Married,70116,1536
PhD,Together,51717,122
2n Cycle,Together,50523,91
Master,Married,64100,546
2n Cycle,Single,80910,756
Master,Together,47352,319
Master,Married,90226,2352
Graduation,Single,61209,957
PhD,Single,78420,1453
2n Cycle,Married,62466,889
Graduation,Single,27242,106
Graduation,Divorced,83829,1862
Graduation,Single,75922,1295
Graduation,Single,48904,371
Master,Married,78285,1427
PhD,Married,78939,1507
PhD,Together,55012,660
Graduation,Single,57100,311
PhD,Widow,62187,636
Graduation,Together,32474,11
PhD,Together,64413,279
Master,Together,14661,26
Graduation,Married,42523,125
Master,Married,66835,1033
Master,Single,91172,1092
PhD,Widow,47111,1092
Graduation,Married,29009,44
2n Cycle,Married,70829,431
Graduation,Married,59666,1027
Graduation,Together,80134,1378
Graduation,Married,56775,937
2n Cycle,Divorced,59052,491
PhD,Together,52190,77
Graduation,Married,73448,725
PhD,Married,36732,47
Master,Married,29543,63
Basic,Married,17487,18
PhD,Together,32583,9
Master,Widow,45006,266
Graduation,Married,36443,138
Graduation,Together,47320,414
PhD,Married,77610,1680
PhD,Single,90933,1685
Master,Married,49681,458
Graduation,Married,50437,490
Graduation,Married,19986,22
Basic,Single,7500,119
Graduation,Together,22775,15
Graduation,Together,22434,58
Graduation,Together,59868,1194
Graduation,Together,38590,22
Graduation,Single,36130,488
Master,Married,35641,178
Graduation,Together,57867,612
2n Cycle,Together,25176,13
Master,Married,54348,90
Graduation,Divorced,15287,31
2n Cycle,Single,49514,369
PhD,Together,71604,1196
PhD,Married,65352,405
Graduation,Married,51948,311
Master,Single,19485,10
Graduation,Single,50388,372
Master,Together,43018,133
PhD,Divorced,25509,101
PhD,Married,46377,90
PhD,Married,32644,413
Master,Single,81169,2089
Graduation,Married,58597,733
PhD,Together,56937,906
Graduation,Married,32300,39
Graduation,Together,70321,1376
Master,Married,63206,928
2n Cycle,Married,27733,57
Graduation,Married,18690,60
Graduation,Single,75127,833
Graduation,Widow,72298,939
2n Cycle,Together,67309,1082
Graduation,Single,47691,21
PhD,Divorced,66476,689
Graduation,Married,31761,98
PhD,Divorced,48948,902
Graduation,Together,63404,902
PhD,Together,27683,351
Master,Married,79143,1693
Master,Divorced,23748,76
PhD,Married,55158,418
Graduation,Divorced,85683,1789
Master,Single,36230,59
Graduation,Single,60230,1067
Basic,Married,17256,62
Graduation,Married,76998,1910
PhD,Single,54998,455
Master,Married,27100,37
Graduation,Together,52117,279
Master,Together,49912,874
2n Cycle,Married,62905,622
PhD,Divorced,72968,1958
Basic,Married,14188,75
2n Cycle,Widow,59184,1072
2n Cycle,Together,75774,823
Graduation,Together,29103,48
Master,Widow,78427,1930
Master,Married,63915,789
Master,Married,30522,326
Graduation,Widow,34213,117
PhD,Married,68397,1416
Graduation,Married,34935,137
Master,Widow,67369,1461
Master,Single,90638,2525
Graduation,Married,44989,369
Graduation,Divorced,82025,1187
2n Cycle,Divorced,25959,56
PhD,Widow,52278,1198
Graduation,Together,59481,461
2n Cycle,Together,38702,109
Graduation,Married,61314,1008
PhD,Married,55517,633
Graduation,Single,40464,630
Graduation,Married,67433,992
Graduation,Together,80144,1367
PhD,Single,57642,679
Graduation,Married,27803,176
Graduation,Single,46923,369
Master,Divorced,39228,20
Graduation,Together,64260,1574
Graduation,Divorced,19346,22
Graduation,Married,50447,148
Graduation,Divorced,23295,20
PhD,Married,69084,1586
Graduation,Married,64813,745
Graduation,Married,63211,1173
Master,Together,66000,711
Graduation,Married,73691,1179
Graduation,Single,59686,274
Graduation,Married,62820,976
Master,Married,34109,22
Graduation,Married,29315,48
PhD,Together,31497,155
PhD,Single,76412,1808
PhD,Together,37395,39
Graduation,Married,25545,210
Graduation,Together,26091,89
Graduation,Single,47025,415
Graduation,Married,35704,94
2n Cycle,Married,59060,274
PhD,Married,86836,557
Graduation,Married,67445,1174
PhD,Married,69098,2440
Graduation,Single,57537,545
Graduation,Together,86610,1603
Graduation,Single,31907,449
Graduation,Together,54058,662
PhD,Married,69969,1536
Graduation,Divorced,15287,31
PhD,Married,57072,1034
Graduation,Divorced,82582,1617
Basic,Together,22634,96
Graduation,Absurd,79244,1216
Graduation,Married,72905,1515
2n Cycle,Together,66664,1289
Graduation,Married,52914,575
PhD,Together,49269,890
Graduation,Married,69520,1455
Graduation,Married,31454,48
Graduation,Together,62882,1338
Graduation,Together,73926,1580
Graduation,Married,53858,915
PhD,Together,77622,714
Graduation,Single,23763,42
Graduation,Single,7500,57
Graduation,Divorced,78331,1638
Graduation,Married,19107,46
PhD,Single,52614,990
2n Cycle,Married,65370,461
Graduation,Together,40689,444
PhD,Married,53312,278
PhD,Married,49544,404
Graduation,Together,74854,1562
Graduation,Together,38547,22
Basic,Together,24594,29
PhD,Married,37633,38
Master,Single,44802,1049
Master,Together,68148,1042
Graduation,Together,54414,211
PhD,Divorced,50616,149
Master,Single,75777,1438
PhD,Married,92491,2034
Basic,Married,18393,50
Graduation,Together,51369,576
Graduation,Married,77437,1125
Master,Married,32765,46
PhD,Divorced,48799,331
2n Cycle,Divorced,67893,995
2n Cycle,Divorced,64176,1826
2n Cycle,Together,26326,18
2n Cycle,Together,53083,271
PhD,Together,6835,137
Graduation,Married,32880,42
Graduation,Single,36065,74
2n Cycle,Married,22212,69
Graduation,Together,34600,318
PhD,Married,65526,506
Graduation,Together,80812,1677
Graduation,Together,71853,1149
2n Cycle,Married,81044,1208
Graduation,Single,18589,75
PhD,Married,46463,235
Graduation,Together,22280,13
Graduation,Married,25410,38
2n Cycle,Married,47025,635
PhD,Single,7144,416
Graduation,Married,53359,257
PhD,Married,57705,486
Graduation,Single,69267,1635
Graduation,Single,41967,54
2n Cycle,Together,47821,47
Graduation,Together,84906,1631
Graduation,Together,40689,444
Master,Single,31160,64
PhD,Together,91820,1497
Graduation,Married,69109,1555
PhD,Married,46374,446
PhD,Single,68126,1820
Master,Together,42386,100
Graduation,Married,71391,1043
Graduation,Together,38361,137
Graduation,Together,55593,546
PhD,Married,40233,149
Graduation,Single,58684,813
Graduation,Married,69209,1782
Graduation,Married,55956,999
Graduation,Together,54178,194
Graduation,Together,69096,653
Graduation,Together,71613,776
PhD,Together,61905,231
Master,Together,50943,46
Graduation,Divorced,67272,733
Graduation,Single,30015,57
PhD,Married,59973,382
Graduation,Married,59041,96
Master,Married,88097,844
2n Cycle,Together,52513,1149
PhD,Married,86580,746
PhD,Together,32727,529
PhD,Married,23626,43
Graduation,Married,42014,436
Master,Married,35876,129
2n Cycle,Married,24884,19
PhD,Single,82733,1323
Master,Divorced,75012,1027
Graduation,Single,72258,1525
2n Cycle,Together,82122,1382
Graduation,Married,48726,242
Graduation,Married,25252,18
Graduation,Married,17323,46
2n Cycle,Single,23331,269
Graduation,Married,30675,62
Graduation,Together,71796,960
Graduation,Married,75330,1109
Graduation,Together,75072,1073
2n Cycle,Married,30390,80
Graduation,Married,64795,680
Graduation,Together,63381,1005
Graduation,Single,9255,22
Graduation,Married,23477,147
Graduation,Married,35441,39
2n Cycle,Together,46344,429
PhD,Married,45503,170
Graduation,Together,59925,766
Master,Married,62845,1178
Graduation,Married,18351,43
Graduation,Single,22507,570
Graduation,Married,30631,70
2n Cycle,Together,7500,100
Graduation,Single,49090,688
Graduation,Together,77298,969
Graduation,Single,45989,322
Graduation,Married,24434,50
PhD,Single,31560,94
2n Cycle,Together,92556,1263
Master,Together,71499,795
PhD,Married,34596,23
Graduation,Divorced,63693,1150
PhD,Single,40760,93
Master,Divorced,38054,45
Graduation,Together,37292,460
Graduation,Single,39062,44
Basic,Married,26997,434
Graduation,Together,21994,22
Basic,Single,15056,88
Graduation,Married,29440,56
Graduation,Together,57957,637
Master,Together,23661,23
Graduation,Divorced,84835,1190
Graduation,Together,75278,930
Master,Together,49912,874
Graduation,Together,88325,1623
Graduation,Divorced,37859,36
PhD,Married,37087,401
Master,Divorced,35416,390
Graduation,Married,77583,1149
Graduation,Married,47743,275
Graduation,Together,77298,969
Graduation,Divorced,43300,180
Basic,Together,23724,75
PhD,Married,67536,1829
Master,Married,66726,438
Graduation,Together,22070,67
2n Cycle,Married,14796,51
PhD,Together,64014,444
Graduation,Married,61074,1102
Graduation,Single,18358,57
Graduation,Single,30279,37
Graduation,Married,71855,1141
Graduation,Married,79593,1366
Graduation,Married,50387,525
Graduation,Married,66373,606
Graduation,Together,94384,2302
Graduation,Divorced,33378,99
Graduation,Married,40321,102
Graduation,Single,34704,40
Graduation,Married,55434,882
2n Cycle,Together,10404,43
PhD,Single,69867,925
Basic,Together,13724,58
2n Cycle,Divorced,13533,48
PhD,Single,38578,73
Graduation,Divorced,27215,102
Master,Married,44511,727
Graduation,Together,71232,917
Graduation,Widow,40590,258
PhD,Divorced,36957,152
Master,Single,72309,1931
Graduation,Married,27244,101
PhD,Single,69759,1029
Master,Single,21888,213
PhD,Together,78952,2092
PhD,Together,77376,661
2n Cycle,Divorced,78353,1576
2n Cycle,Married,32632,576
2n Cycle,Together,26490,210
PhD,Divorced,46610,302
2n Cycle,Divorced,65706,1199
Graduation,Together,23976,66
Graduation,Together,46053,209
PhD,Married,84169,1919
Graduation,Single,46107,125
Master,Single,22944,76
Graduation,Single,21359,48
Graduation,Married,30833,28
Graduation,Divorced,39552,384
Graduation,Together,29672,25
2n Cycle,Married,23162,65
Graduation,Married,35765,75
Graduation,Single,84574,1375
PhD,Married,72550,1319
Master,Together,43795,492
Graduation,Married,40049,290
Graduation,Married,63777,653
Graduation,Together,56046,692
Graduation,Single,26816,22
Graduation,Single,30168,279
Graduation,Together,70440,1572
2n Cycle,Divorced,36640,65
Graduation,Together,25851,48
PhD,Divorced,48948,902
Graduation,Divorced,26759,59
Basic,Married,20425,57
Graduation,Widow,30372,44
Master,Married,37054,25
Master,Married,43263,441
Master,Widow,73705,1695
Master,Widow,51529,467
PhD,Widow,57513,1060
PhD,Divorced,14849,65
PhD,Married,56223,156
PhD,Married,41014,20
Graduation,Together,42586,252
Master,Together,34176,28
Graduation,Divorced,30992,43
Graduation,Divorced,51813,63
Graduation,Together,74485,1734
PhD,Married,69389,797
Graduation,Single,57107,416
Master,Together,49854,380
Master,Together,36634,335
Master,Together,88420,2069
Graduation,Together,62807,819
Graduation,Single,91249,1676
Graduation,Married,59111,869
Graduation,Married,26304,16
PhD,Widow,25358,32
Graduation,Single,57967,468
PhD,Divorced,35860,49
PhD,Married,77766,1529
PhD,Married,65324,544
Graduation,Single,70515,1258
Master,Married,66835,1033
Master,Divorced,48721,293
Graduation,Single,24762,86
Master,Married,58646,140
Graduation,Divorced,61671,732
Graduation,Single,91700,1968
PhD,Married,76618,1511
Graduation,Married,37150,467
Graduation,Married,67267,251
PhD,Divorced,65808,272
Graduation,Married,22979,115
Graduation,Married,38360,131
Graduation,Married,79530,1348
Master,Together,45903,66
Graduation,Married,30467,24
Graduation,Divorced,68118,928
PhD,Widow,51569,467
PhD,Together,75261,1743
Graduation,Married,65665,945
Graduation,Married,47850,134
PhD,Single,82800,1315
Graduation,Married,66480,312
Graduation,Single,34853,34
PhD,Married,59821,734
PhD,Married,51563,1250
Graduation,Single,39146,165
Master,Married,38452,72
Master,Married,27889,26
Graduation,Divorced,72071,1338
2n Cycle,Single,74116,2052
Graduation,Divorced,23910,67
PhD,Single,29999,160
PhD,Divorced,83664,1173
PhD,Married,54693,929
Graduation,Together,44010,662
Graduation,Married,58025,470
Graduation,Married,55357,727
Graduation,Married,35788,44
Master,Divorced,44635,68
Graduation,Single,26576,27
PhD,Single,37929,265
Graduation,Married,49094,502
Basic,Divorced,9548,29
Graduation,Together,75114,1253
Graduation,Divorced,46102,16
Graduation,Married,67131,976
PhD,Single,64950,966
Master,Together,60033,198
PhD,Single,52614,990
Graduation,Married,58692,395
2n Cycle,Together,75774,823
Graduation,Together,42162,145
Master,Divorced,41335,187
Graduation,Married,44794,65
2n Cycle,Together,32414,52
Graduation,Married,69139,227
Graduation,Married,36026,61
Graduation,Married,24570,193
Graduation,Together,27943,37
Graduation,Together,37758,40
Graduation,Together,46931,78
Master,Single,35544,67
Master,Single,90638,2525
2n Cycle,Divorced,41769,521
Graduation,Married,31158,72
PhD,Single,42473,144
2n Cycle,Widow,28457,205
Graduation,Single,90842,1424
Master,Widow,33051,835
Graduation,Married,61456,1388
Graduation,Divorced,68118,928
Graduation,Married,48178,254
PhD,Together,70038,1244
Graduation,Divorced,26150,28
Graduation,Divorced,39996,15
2n Cycle,Together,46772,1048
PhD,Married,53378,793
Graduation,Single,76624,899
PhD,Together,56067,725
PhD,Widow,56551,138
Graduation,Married,37155,74
Graduation,Married,80395,1380
2n Cycle,Married,35684,30
Graduation,Divorced,36997,94
Graduation,Married,37085,61
PhD,Together,56559,484
Graduation,Single,26095,42
Master,Together,55249,130
PhD,Together,46681,425
Master,Single,36927,71
Graduation,Married,21355,68
Graduation,Single,26954,17
Graduation,Single,72679,1168
2n Cycle,Single,89572,2059
Graduation,Married,71427,614
Master,Married,65073,900
Graduation,Together,75276,1040
Graduation,Together,47009,448
Master,Single,31385,27
Basic,Together,24882,80
PhD,Together,65968,495
Master,Single,18890,35
Graduation,Single,77457,1157
Master,Together,66636,1084
Graduation,Divorced,40246,13
Graduation,Married,65148,1115
Graduation,Divorced,72071,1338
PhD,Married,41551,279
Graduation,Together,55914,1260
Graduation,Married,22063,55
Graduation,Together,35322,106
Graduation,Married,65106,973
Graduation,Married,44989,369
PhD,Together,5648,49
Graduation,Single,29760,165
PhD,Together,28764,12
Graduation,Together,83844,1574
Graduation,Married,81168,1193
Graduation,Single,61839,1895
2n Cycle,Single,75342,563
Graduation,Married,34961,79
Graduation,Married,39922,156
PhD,Together,34578,8
Graduation,Single,56628,761
PhD,Single,71691,1192
Graduation,Divorced,4861,6
Graduation,Together,55761,184
2n Cycle,Married,78497,978
PhD,Together,53374,1064
Master,Married,49681,458
2n Cycle,Together,26490,210
2n Cycle,Married,54690,198
PhD,Single,48767,63
PhD,Married,38443,38
Graduation,Single,31632,95
Graduation,Married,26067,56
Graduation,Married,51651,433
Graduation,Married,30096,45
Graduation,Married,15759,17
Graduation,Divorced,22263,21
Master,Together,32889,55
Graduation,Widow,27421,324
PhD,Married,38175,153
Graduation,Single,76467,1575
Graduation,Divorced,62335,708
PhD,Single,55260,1139
Graduation,Widow,70792,1272
Graduation,Married,61286,608
PhD,Married,60491,1028
Graduation,Single,82332,2006
Graduation,Single,66951,1117
PhD,Married,50150,410
Graduation,Single,35790,72
Graduation,Married,46149,362
Graduation,Together,75507,1440
Graduation,Together,16529,22
PhD,Single,82716,1167
Master,Married,48150,266
PhD,Married,42769,88
Graduation,Divorced,49160,236
Graduation,Married,34968,221
Graduation,Single,20180,137
Master,Single,77598,1735
PhD,Married,34596,23
PhD,Together,44953,1021
PhD,Widow,76842,1130
PhD,Together,42731,244
Graduation,Divorced,71964,1870
Graduation,Single,39660,299
Graduation,Together,78687,2130
Graduation,Widow,67046,993
Graduation,Single,45906,486
2n Cycle,Married,26224,63
Graduation,Divorced,54137,203
Graduation,Married,67023,906
2n Cycle,Married,37284,23
Graduation,Together,58398,596
2n Cycle,Married,21955,55
2n Cycle,Divorced,41713,174
Graduation,Single,22327,24
PhD,Together,69476,1044
Master,Married,39791,174
Master,Together,29298,11
Graduation,Alone,34176,89
Master,Single,59247,574
Graduation,Together,75315,841
Master,Married,45057,50
PhD,Married,62745,1117
2n Cycle,Together,58582,763
Graduation,Together,34587,22
Graduation,Married,49096,187
Graduation,Married,80589,1428
PhD,Divorced,55412,63
Graduation,Married,48752,316
Master,Together,82576,1910
Graduation,Widow,72643,1429
Graduation,Single,79607,1923
Basic,Single,18746,64
Graduation,Married,39922,156
Master,Divorced,55282,235
Master,Married,73395,397
Master,Single,45183,315
PhD,Single,45576,145
PhD,Married,61467,594
Graduation,Together,54450,684
Graduation,Together,33178,49
Basic,Together,27190,18
PhD,Together,74250,1158
PhD,Together,37334,62
Graduation,Married,40800,99
PhD,Married,33581,17
2n Cycle,Together,38683,341
Graduation,Married,67445,1174
Master,Single,68092,1281
Graduation,Together,75702,1921
PhD,Divorced,32173,22
Graduation,Married,54386,470
PhD,Married,37401,48
Master,Single,33168,122
Graduation,Single,20587,25
PhD,Married,75032,1215
PhD,Single,30899,33
Graduation,Together,33590,8
2n Cycle,Together,68316,1211
Graduation,Married,79529,1638
Graduation,Widow,47916,606
Graduation,Together,38946,257
2n Cycle,Married,53230,732
Master,Together,35924,34
Graduation,Married,90000,1479
PhD,Single,55521,446
Graduation,Together,28427,52
Master,Married,27100,37
PhD,Married,22554,41
Graduation,Married,72099,1188
Graduation,Single,11012,84
Graduation,Divorced,30992,43
Graduation,Married,18929,85
Graduation,Together,74918,2047
Graduation,Married,73687,1627
Graduation,Single,68281,1655
PhD,Together,47472,75
Master,Married,54197,237
Graduation,Widow,58330,1064
PhD,Divorced,64140,1750
Master,Married,57136,642
PhD,Together,53537,93
Master,Together,27590,12
Graduation,Married,23957,68
PhD,Married,45921,199
2n Cycle,Married,46831,78
Graduation,Married,18690,60
Graduation,Single,55239,779
Graduation,Married,70951,1198
Graduation,Married,38998,54
Graduation,Divorced,69142,535
Graduation,Single,73892,1507
Master,Single,75154,1143
Graduation,Divorced,46086,343
Graduation,Together,77044,1065
Graduation,Together,58917,282
Graduation,Married,67225,868
Graduation,Together,71322,350
2n Cycle,Married,35523,66
2n Cycle,Single,65704,817
Graduation,Married,51267,270
PhD,Married,69283,904
Graduation,Single,81741,1572
Graduation,Married,42691,358
Graduation,Married,60093,735
Graduation,Married,38680,79
PhD,Married,44325,542
PhD,Married,65324,544
Master,Single,72217,1573
Master,Married,54730,405
Master,Divorced,74290,1217
Graduation,Single,93790,2349
Graduation,Married,62187,1283
Graduation,Together,56386,612
Graduation,Divorced,71128,1615
PhD,Married,78931,943
PhD,Married,60585,736
PhD,Together,38201,268
Master,Divorced,10979,30
Graduation,Together,71367,777
Master,Married,67087,794
Graduation,Married,72940,981
PhD,Single,54466,16
Graduation,Married,25271,50
PhD,Single,36736,17
PhD,Together,59292,507
Master,Together,61346,989
Graduation,Single,60474,1180
Graduation,Married,31814,83
PhD,Married,59062,71
PhD,Married,55212,1182
Graduation,Married,19986,22
PhD,Married,61917,91
2n Cycle,Married,43050,76
Graduation,Married,44322,92
Graduation,Married,23228,121
Graduation,Married,17688,11
Graduation,Married,28718,57
PhD,Married,29791,20
2n Cycle,Single,61618,1345
Master,Together,41275,61
Graduation,Married,28691,34
Graduation,Married,93404,1616
2n Cycle,Together,25315,54
Graduation,Married,71866,715
Graduation,Single,33697,28
Graduation,Single,81217,1157
PhD,Married,79930,1753
Master,Together,34053,103
PhD,Together,73059,1095
Graduation,Single,28769,191
Graduation,Married,52845,936
PhD,Married,38853,45
2n Cycle,Married,70924,1363
PhD,Together,59292,507
Graduation,Single,64849,1336
2n Cycle,Married,16248,57
PhD,Married,78128,1264
PhD,Divorced,35946,11
PhD,Married,40344,218
2n Cycle,Divorced,59601,797
Graduation,Single,72903,2013
PhD,Married,23536,10
PhD,Married,16927,53
PhD,Together,38887,42
Master,Together,42315,270
Graduation,Single,10245,41
Graduation,Divorced,58710,1185
Graduation,Married,41120,81
PhD,Married,59304,1048
Graduation,Married,53154,158
Basic,Married,18978,37
Master,Married,50353,442
Master,Together,89120,1924
Graduation,Single,30828,56
Master,Married,38179,90
Graduation,Married,54233,981
PhD,Divorced,50611,493
Graduation,Together,28587,78
Graduation,Together,33402,70
PhD,Married,43974,551
Graduation,Married,58113,758
Graduation,Together,43482,88
Basic,Single,16014,38
Graduation,Married,61014,1147
Master,Absurd,65487,1169
PhD,Married,81300,1241
Master,Married,61923,126
Graduation,Together,43462,240
Graduation,Together,21994,22
Graduation,Married,41124,506
Graduation,Single,69719,801
PhD,Single,49667,1396
2n Cycle,Married,15315,64
Master,Single,50014,396
Graduation,Divorced,29819,39
Basic,Together,22390,26
Graduation,Together,74538,1461
Basic,Married,25443,32
Master,Widow,47570,121
Graduation,Single,57731,704
Master,Married,70091,1161
PhD,Widow,82032,1234
Graduation,Together,28427,52
Graduation,Single,49166,368
Master,Single,55284,764
Graduation,Married,37971,30
Master,Together,74881,964
Graduation,Together,53863,473
Graduation,Married,22574,37
Graduation,Divorced,75693,1442
Master,Married,56962,411
Master,Married,54108,747
Master,Together,30560,31
Graduation,Together,50272,233
PhD,Single,52597,578
PhD,Single,46231,263
Graduation,Single,62450,995
PhD,Single,30298,28
PhD,Married,29187,34
Graduation,Married,24027,48
Master,Married,47353,225
Graduation,Together,54450,684
Graduation,Married,65685,769
2n Cycle,Single,23830,43
PhD,Together,20427,10
Graduation,Married,22419,162
PhD,Single,38236,88
Graduation,Together,53103,1085
Graduation,Married,18929,85
2n Cycle,Divorced,31163,38
PhD,Married,18988,16
Master,Married,53761,325
Graduation,Married,52413,910
Basic,Single,26487,69
PhD,Together,65814,747
Graduation,Together,62994,312
PhD,Divorced,28420,13
Master,Divorced,61787,1319
2n Cycle,Together,63855,1006
Graduation,Together,51195,564
PhD,Together,51518,449
Graduation,Single,45160,21
2n Cycle,Single,32218,93
Graduation,Together,82427,1456
2n Cycle,Single,81698,1104
Graduation,Together,34350,48
Graduation,Married,64722,805
Graduation,Together,64474,823
Graduation,Together,69508,1135
Graduation,Single,16813,50
PhD,Together,39435,102
PhD,Married,56242,971
2n Cycle,Single,47823,72
PhD,Together,66375,948
Master,Married,92163,2086
Graduation,Married,63684,1464
Graduation,Single,37697,84
PhD,Married,56320,702
PhD,Divorced,26642,42
PhD,Single,48918,62
Master,Married,35178,59
2n Cycle,Together,7500,53
Master,Divorced,57530,92
2n Cycle,Divorced,60161,1071
Graduation,Single,70337,576
Graduation,Married,38508,443
Graduation,Married,47703,655
Graduation,Single,78499,1334
PhD,Married,75283,1019
Graduation,Married,74716,860
PhD,Single,48432,424
Graduation,Married,78569,1736
PhD,Divorced,42873,269
Graduation,Together,40479,15
Graduation,Single,49767,692
Graduation,Single,81246,1379
PhD,Married,74214,1711
PhD,Single,42000,653
Graduation,Married,18929,85
Master,Married,27450,143
Graduation,Together,51315,222
PhD,Together,30351,46
PhD,Married,37717,25
Master,Married,42207,265
2n Cycle,Divorced,49118,1229
Graduation,Together,45203,147
PhD,Single,38578,73
Graduation,Married,70617,1280
Master,Divorced,53367,400
PhD,Divorced,60554,811
PhD,Together,34230,21
Graduation,Together,58554,586
PhD,Together,73059,1095
PhD,Divorced,25509,101
Graduation,Married,69109,1555
Graduation,Together,24221,55
Master,Married,30477,66
Graduation,Single,66565,1065
PhD,Widow,71670,1766
Basic,Single,20194,47
Master,Together,65735,395
2n Cycle,Married,70924,1363
Graduation,Married,22518,61
Graduation,Divorced,83829,1862
Master,Divorced,78579,1812
Graduation,Single,22804,26
PhD,Together,32892,46
Graduation,Together,48186,219
Graduation,Together,78394,1428
Master,Married,59412,406
Master,Widow,84953,1024
PhD,Divorced,86979,1702
Graduation,Married,42557,270
Graduation,Married,62998,463
2n Cycle,Single,80617,1435
Graduation,Single,30279,37
Graduation,Married,79823,1518
Graduation,Single,64449,805
Graduation,Married,30368,52
Graduation,Single,60152,943
Master,Married,82584,1435
PhD,Married,82017,729
PhD,Together,62220,1226
2n Cycle,Single,42607,350
Graduation,Together,46610,467
PhD,Widow,67680,606
Graduation,Married,33183,120
Master,Together,46106,54
Graduation,Married,64590,1338
Graduation,Together,94384,2302
Graduation,Married,79205,895
Graduation,Married,72117,1073
Master,Together,30560,31
2n Cycle,Single,45889,46
Master,Together,58656,1220
Master,Single,75777,1438
Graduation,Single,74293,1127
PhD,Single,86857,2114
Graduation,Divorced,52332,259
Graduation,Married,77870,1815
Graduation,Together,41154,69
Graduation,Together,34728,36
Graduation,Single,48789,680
PhD,Single,52569,95
Master,Single,49494,385
Graduation,Single,86358,1722
Master,Widow,51390,353
Graduation,Married,54198,235
Graduation,Single,37774,473
PhD,Single,42997,15
Graduation,Together,71853,1149
PhD,Together,30843,35
Graduation,Together,60894,832
PhD,Single,42767,131
Graduation,Married,69139,227
Graduation,Together,65748,545
Graduation,Together,56715,1020
Graduation,Married,44375,301
Graduation,Married,92955,1778
Graduation,Married,61286,608
Graduation,Single,90273,1991
Graduation,Together,64090,797
PhD,Married,77037,1123
Graduation,Together,67419,1471
PhD,Widow,67786,1156
Graduation,Widow,53653,1210
Graduation,Together,38823,114
Graduation,Single,56243,396
Master,Together,18492,10
Master,Together,66476,1013
Graduation,Married,42081,382
PhD,Divorced,45072,284
Graduation,Single,72504,1478
PhD,Single,61798,463
Graduation,Single,61559,530
Graduation,Single,48526,135
Graduation,Together,26290,77
Master,Married,83790,1615
Graduation,Single,33955,270
PhD,Widow,82571,1686
Graduation,Married,54984,358
Graduation,Married,59594,499
Graduation,Married,42192,100
Master,Married,38576,41
PhD,Married,67546,2126
Master,Married,57183,610
Graduation,Single,44503,48
Graduation,Married,48920,347
Graduation,Single,54252,264
Graduation,Married,27116,41
Graduation,Single,53201,415
Graduation,Married,67445,1174
Graduation,Together,18227,28
Graduation,Divorced,55686,982
Graduation,Divorced,64497,1804
Graduation,Married,68487,1366
2n Cycle,Together,41039,467
Basic,Together,9722,103
Graduation,Divorced,35246,62
Basic,Together,28389,28
Master,Divorced,42618,192
PhD,Single,74637,1650
2n Cycle,Married,56337,724
2n Cycle,Married,32146,66
Graduation,Single,62307,160
Graduation,Married,42243,55
2n Cycle,Single,36975,33
Master,Together,62513,716
Graduation,Single,24206,25
2n Cycle,Married,65463,562
PhD,Divorced,68805,283
Graduation,Single,44213,152
Master,Single,55250,903
PhD,Widow,54111,388
Graduation,Married,42523,125
Graduation,Married,25721,34
PhD,Single,48918,62
2n Cycle,Together,20193,82
Graduation,Single,45938,636
Graduation,Single,50785,114
2n Cycle,Married,46891,183
Master,Divorced,33462,54
Graduation,Single,35893,199
Graduation,Single,72228,1250
Master,Married,61794,611
Master,Single,90247,1621
Graduation,Married,7500,71
Graduation,Widow,30372,44
PhD,Single,64108,1099
Graduation,Divorced,71022,1453
Master,Together,45143,311
Graduation,Together,41452,16
Graduation,Divorced,61250,730
Graduation,Together,38946,257
Graduation,Together,22010,33
Graduation,Single,61825,424
Basic,Married,25224,46
PhD,Together,79632,1113
PhD,Together,68682,1598
2n Cycle,Married,31086,48
Graduation,Married,36715,357
PhD,Together,53593,480
Graduation,Divorced,37244,55
Master,Divorced,41335,187
Graduation,Single,72282,1331
Graduation,Divorced,72967,497
Graduation,Single,61823,884
Graduation,Together,19740,55
Graduation,Together,57811,802
Graduation,Married,18793,77
Master,Married,44159,275
Graduation,Single,23478,129
Basic,Married,34445,839
Graduation,Divorced,43185,637
Graduation,Single,32233,296
Graduation,Single,38808,246
Graduation,Single,91065,1474
Graduation,Married,35797,68
Graduation,Single,62535,398
PhD,Single,26518,57
Graduation,Divorced,51983,793
Graduation,Divorced,69901,882
PhD,Married,49154,411
Graduation,Together,77382,1121
PhD,Married,60631,661
PhD,Together,84460,523
Graduation,Married,33039,78
Graduation,Single,70596,968
PhD,Married,51039,417
Master,Together,39767,485
Graduation,Single,47958,407
2n Cycle,Single,42395,182
Graduation,Single,47139,83
Graduation,Widow,27038,107
Graduation,Married,28691,34
2n Cycle,Together,45204,114
PhD,Divorced,85696,1313
Master,Married,80184,1902
2n Cycle,Together,58821,728
2n Cycle,Together,19789,78
Graduation,Together,89891,836
PhD,Married,50150,410
Master,Together,49618,129
Master,Single,39763,167
Graduation,Married,56721,296
Graduation,Divorced,82623,940
Graduation,Divorced,76773,1156
Master,Single,6560,373
PhD,Single,87188,1923
Master,Together,17144,47
Graduation,Married,30772,20
Graduation,Married,27469,17
Graduation,Together,57100,409
PhD,Married,37126,72
Graduation,Together,77226,1138
2n Cycle,Together,26907,22
Graduation,Together,27203,64
PhD,Married,38097,184
Graduation,Widow,66033,677
Master,Divorced,70638,1334
Graduation,Married,77981,664
Graduation,Married,51148,315
PhD,Together,64014,444
Graduation,Together,31928,72
Graduation,Together,36317,133
Graduation,Divorced,41411,139
Basic,Together,22634,96
PhD,Together,34043,49
PhD,Single,39684,81
Graduation,Married,65685,769
Graduation,Divorced,78901,734
Graduation,Single,50664,561
Master,Single,46098,120
2n Cycle,Single,33812,133
Graduation,Together,67605,938
PhD,Together,63342,1101
Basic,Single,16185,106
Master,Together,83151,747
Graduation,Together,29604,53
PhD,Married,31605,125
Graduation,Single,43602,68
PhD,Together,34320,17
PhD,Single,23091,48
PhD,Married,60896,1701
Graduation,Together,63207,1502
Master,Together,78093,1105
Graduation,Married,2447,1730
Master,Together,34941,97
2n Cycle,Married,76800,641
Master,Married,43783,629
Graduation,Married,52531,794
PhD,Together,57906,401
PhD,Together,66313,770
Graduation,Single,68627,825
Master,Single,63972,1269
Master,Single,26877,268
Graduation,Single,8028,178
Graduation,Together,53187,267
PhD,Single,71466,1230
Graduation,Together,65777,1146
Graduation,Together,41580,92
Master,Together,24401,467
2n Cycle,Married,15716,92
Graduation,Single,75825,2209
Master,Married,83891,816
Master,Together,62499,222
Graduation,Together,87771,1957
Master,Together,56129,660
Graduation,Married,25293,37
Master,Together,65176,1531
Master,Together,50898,859
PhD,Single,27238,57
Graduation,Married,39722,47
Master,Single,36143,19
Graduation,Together,42213,363
2n Cycle,Single,41473,76
Graduation,Single,15033,19
PhD,Married,80427,1835
Graduation,Divorced,45146,53
Graduation,Single,34824,23
Graduation,Married,34421,30
Graduation,Married,18222,67
PhD,Single,42000,653
Graduation,Together,71706,1443
Master,Married,37368,30
PhD,Divorced,90687,1779
Graduation,Together,21918,33
Graduation,Single,34176,89
2n Cycle,Married,82504,1066
Graduation,Married,74985,1869
Master,Married,89058,850
Graduation,Married,18690,60
PhD,Married,43269,19
Graduation,Divorced,89694,1472
Graduation,Single,72066,1792
Graduation,Married,26228,25
Graduation,Single,54803,693
Graduation,Together,81205,2009
Graduation,Married,65316,260
Graduation,Together,48070,504
Graduation,Married,23539,81
PhD,Together,78642,1816
Master,Single,41020,217
PhD,Together,65488,963
Graduation,Single,49980,195
PhD,Together,52157,265
2n Cycle,Married,25804,55
PhD,Married,32011,122
2n Cycle,Single,51250,710
Basic,Single,8940,101
Graduation,Widow,42429,67
Graduation,Together,76081,1033
2n Cycle,Married,20130,34
Master,Divorced,63841,908
PhD,Married,68462,1670
Master,Single,36273,76
Graduation,Married,62503,973
Graduation,Married,60544,289
Graduation,Married,37406,17
PhD,Single,60504,526
Graduation,Divorced,81702,1633
Master,Single,75345,2087
Master,Divorced,59354,310
Graduation,Divorced,70044,1504
PhD,Single,79761,605
2n Cycle,Together,66664,1289
Graduation,Married,75027,1390
PhD,Married,54549,233
Master,Married,34242,15
2n Cycle,Married,57036,1513
Graduation,Divorced,71847,1192
Graduation,Single,84196,1237
Graduation,Married,65308,1211
Basic,Single,24367,24
Master,Together,56129,660
2n Cycle,Married,63564,1215
PhD,Single,33419,86
Graduation,Married,90369,1588
Graduation,Married,50501,500
PhD,Single,68352,871
Graduation,Divorced,68743,2074
Graduation,Single,68655,1538
Graduation,Married,78618,2153
Graduation,Married,52852,879
Master,Together,42386,100
Graduation,Together,56253,597
Master,Together,22669,173
PhD,Married,85844,1958
Master,Married,61872,573
Graduation,Together,36283,29
Graduation,Single,37070,433
Graduation,Divorced,58401,96
Graduation,Together,84906,1631
Graduation,Together,83844,1574
PhD,Married,84618,1672
Graduation,Divorced,32952,55
Graduation,Together,96876,1941
PhD,Married,36947,146
Graduation,Married,22419,162
Graduation,Married,30093,69
Graduation,Together,30261,22
Graduation,Together,77972,1101
Master,Together,45143,311
PhD,Together,67911,976
Master,Together,17144,47
Graduation,Single,37697,84
Graduation,Together,34916,231
PhD,Married,33454,169
Graduation,Single,71163,960
2n Cycle,Single,38741,61
Graduation,Married,80134,1690
Master,Together,50943,46
Graduation,Together,44931,96
PhD,Divorced,69674,845
Graduation,Together,38200,17
Graduation,Together,39771,50
2n Cycle,Married,31056,55
Master,Single,58217,103
Graduation,Together,53977,907
Graduation,Married,42014,436
Graduation,Married,51479,494
2n Cycle,Married,23718,81
PhD,Married,73356,1512
Graduation,Single,63810,1371
PhD,Together,28440,63
Graduation,Together,76532,820
PhD,Divorced,36921,38
Graduation,Married,73803,1528
PhD,Married,38410,534
Master,Married,67381,957
Graduation,Divorced,70287,1093
Basic,Single,15038,80
PhD,Married,44377,264
Graduation,Single,46524,177
Graduation,Married,30096,45
Graduation,Married,83715,926
Graduation,Married,76445,1410
PhD,Together,69702,1039
PhD,Together,66973,1282
Graduation,Together,78468,1004
2n Cycle,Single,31878,70
2n Cycle,Married,46891,183
Graduation,Married,65747,460
PhD,Married,62010,530
Graduation,Widow,42429,67
Graduation,Together,39898,134
Graduation,Divorced,81361,778
PhD,Married,30732,185
Graduation,Married,86718,1270
2n Cycle,Married,26887,30
Graduation,Single,22585,81
Graduation,Married,80124,1495
2n Cycle,Divorced,31163,38
PhD,Widow,56551,138
2n Cycle,Together,57247,232
PhD,YOLO,48432,424
Graduation,Married,19514,69
Basic,Married,14421,16
PhD,Married,45759,68
Graduation,Married,7500,15
Graduation,Together,85693,1169
Master,Single,58308,900
Graduation,Together,83033,1761
Graduation,Single,25930,15
Master,Together,40101,415
Master,Married,33585,122
Master,Divorced,78789,1754
Graduation,Married,59754,475
Graduation,Single,21474,91
PhD,Single,36802,20
2n Cycle,Married,78041,1319
PhD,Together,32892,46
Master,Single,59235,1128
Master,Single,46423,92
Graduation,Married,62820,976
Graduation,Married,86111,1385
Master,Married,21059,44
Master,Together,73450,1804
Master,Married,27161,52
PhD,Widow,52278,1198
Graduation,Single,27938,29
Graduation,Married,71952,1443
PhD,Divorced,35860,49
Graduation,Together,42586,252
Graduation,Married,92344,1899
Graduation,Married,4428,359
Graduation,Married,35701,46
2n Cycle,Married,82347,1853
Graduation,Single,83917,1587
Graduation,Together,68695,1091
2n Cycle,Married,72635,981
Master,Married,70777,787
PhD,Married,94871,1078
PhD,Married,52854,116
Graduation,Married,50183,231
2n Cycle,Together,26907,22
PhD,Single,46734,223
Graduation,Married,53790,542
PhD,Married,70356,1706
PhD,Together,56575,542
2n Cycle,Single,64831,1120
Graduation,Single,60474,1180
PhD,Married,41145,13
Graduation,Married,71113,835
Master,Married,75251,1890
2n Cycle,Together,69401,690
PhD,Married,45579,183
Master,Single,46423,92
Graduation,Together,63381,1005
Master,Together,41021,64
Graduation,Together,33235,70
Graduation,Single,34412,209
Master,Divorced,44051,171
Graduation,Married,42387,684
Graduation,Together,82657,2283
Master,Divorced,52034,332
PhD,Single,63159,1797
Graduation,Married,22108,31
Basic,Married,28249,43
Graduation,Together,55375,162
Graduation,Married,58116,443
Master,Divorced,63841,908
Graduation,Together,34026,76
2n Cycle,Together,74805,820
PhD,Single,60200,685
Master,Together,40442,169
Master,Married,49572,54
Graduation,Married,82497,1919
Graduation,Divorced,53034,447
Master,Together,55951,1374
Graduation,Single,68655,1538
Master,Divorced,63841,908
Master,Married,80739,1633
Graduation,Divorced,70647,1079
PhD,Single,38513,324
Graduation,Single,33249,112
Graduation,Married,76630,1003
PhD,Married,78075,988
Master,Single,89616,1644
Master,Single,46098,120
Graduation,Married,72063,758
Graduation,Married,71626,1305
Graduation,Widow,40590,258
PhD,Divorced,42564,813
Graduation,Single,40887,161
Graduation,Married,74190,641
PhD,Together,63342,1101
Graduation,Together,53977,907
Master,Married,55842,518
Graduation,Divorced,23272,46
Graduation,Married,67432,1335
PhD,Together,85431,1165
Master,Single,91712,2217
PhD,Divorced,70179,1034
Graduation,Together,37760,317
Graduation,Single,79941,984
Graduation,Married,82224,902
PhD,Together,68682,1598
Graduation,Single,72354,1228
PhD,Married,66334,1161
Graduation,Together,28359,16
PhD,Together,69805,1038
Graduation,Together,62061,800
PhD,Married,4023,9
Graduation,Married,15072,53
Graduation,Married,24639,44
PhD,Divorced,64325,1307
Basic,Married,16005,103
Master,Married,28072,47
Graduation,Married,34935,137
Graduation,Together,47889,67
Graduation,Together,34026,76
Graduation,Together,50127,320
Graduation,Married,90765,1724
Graduation,Single,42160,140
PhD,Married,67353,913
Master,Together,33564,71